id,rating,title,text,date,platform
1,5,"Review","hi；first of all I want to say thank u because this apps changed me a lot",2026-04-23,Android
2,1,"Review","If we pledge our shares once and later unpledge them； we are being charged twice — once for pledging and once for unpledging. That itself is understandable； but the problem is that I have been charged multiple times even though I performed this action only once. After pledging and unpledging my shares one time； I did not perform any further pledge or unpledge transactions. However； I am still being charged repeatedly.",2026-04-23,Android
3,1,"Review","it's very bad application 😕 extra charge much higher I hate this application",2026-04-23,Android
4,5,"Review","nice app",2026-04-23,Android
5,3,"Review","I wants to delete my account before approx 6 months and try 2-3 times but groww management may be poor in this.",2026-04-23,Android
6,5,"Review","best app",2026-04-23,Android
7,5,"Review","good",2026-04-23,Android
8,1,"Review","worst application and customer care. Do not use at all.They do not solve your queries copy paste random answers and close the chat before asking for user confirmation. Please avoid the application and try using some other app for investment.",2026-04-23,Android
9,1,"Review","It activated my F&O using a trick； I accidentally clicked on a button",2026-04-23,Android
10,4,"Review","best pofemnc",2026-04-23,Android
11,2,"Review","bahut baar sell order execute nahin hote jiske baje se loss hogya mera . trash app",2026-04-23,Android
12,4,"Review","Thanks for working on my feedback 🤗 updated april23 April 2026 the basket button is slow in response； I have to press it multiple time to turn is on off... make it more responsive pls",2026-04-23,Android
13,1,"Review","Data ke sath play krte hain data bech ke big money ko ya khud manipulation krte hai ； i have experience with tata elxsi full manipulation krte hain ye dont use it",2026-04-23,Android
14,1,"Review","bad",2026-04-23,Android
15,1,"Review","repeated ads. is headache. pl. stop this ad in my mobile. please stop this ad",2026-04-23,Android
16,5,"Review","excellent for all time 💯",2026-04-23,Android
17,4,"Review","nice app",2026-04-23,Android
18,5,"Review","thank",2026-04-23,Android
19,1,"Review","Not good for customers ； good for manipulation with hni",2026-04-23,Android
20,5,"Review","good",2026-04-23,Android
21,5,"Review","super",2026-04-23,Android
22,5,"Review","best app",2026-04-23,Android
23,1,"Review","baad",2026-04-23,Android
24,1,"Review","faltu h😡😡😡😡😡😡😡😡😡😡",2026-04-23,Android
25,4,"Review","easy an effective platform",2026-04-23,Android
26,5,"Review","Nice app Groww stock app",2026-04-23,Android
27,4,"Review","after recent updates issue in some stocks for 52 weeks highs and lows and full chart issue",2026-04-23,Android
28,5,"Review","good work and easy work 💯",2026-04-23,Android
29,5,"Review","friendly use interface",2026-04-23,Android
30,5,"Review","Best and easiest platform for investment.",2026-04-23,Android
31,5,"Review","Good 👍🏻",2026-04-23,Android
32,5,"Review","best investment trading app",2026-04-22,Android
33,1,"Review","bro pls solve my problem ive login from wrong which is mine but upi is not available on that number now your asking 50 rs it doesnt make sence please make change in it",2026-04-22,Android
34,5,"Review","very good",2026-04-22,Android
35,1,"Review","bad aap",2026-04-22,Android
36,4,"Review","aapka app achcha hai par char me direct buy aur sell aur sl aur target lagane ka option dijiye",2026-04-22,Android
37,1,"Review","labde ke bal",2026-04-22,Android
38,1,"Review","don't use this money West app groww nahi hoga.",2026-04-22,Android
39,5,"Review","nice app",2026-04-22,Android
40,5,"Review","best app",2026-04-22,Android
41,5,"Review","very good very good apps",2026-04-22,Android
42,1,"Review","Every single time it says PAN and BANK name missmatch literally i just have Name like shripada mg in bank and adhar and in pan it's compulsory name like malali Ganapathi shripada it include father name but it's rejecting because of my name",2026-04-22,Android
43,1,"Review","Sometimes the wrong calculation is displayed； at closing time some other value was shown and at the end of days calculation changed to less value.",2026-04-22,Android
44,5,"Review","Please add daily P/L dashboard on monthly calender.",2026-04-22,Android
45,5,"Review","Best app",2026-04-22,Android
46,5,"Review","jaberdast plateform",2026-04-22,Android
47,1,"Review","New use this app fully fraud and unwanted brokerage charge was to to to high like today I took 3 MTF trade and then totally I have to paid 1700 approximately which is totally unwanted I uninstall this app and also deleted my demat from this site .",2026-04-22,Android
48,2,"Review","auto save is not working drawings are not getting saved very disgusting. and sync is not working properly between web and mobile Today itself open account and same day closing or otherwise fix it",2026-04-22,Android
49,5,"Review","Good for trading share market",2026-04-22,Android
50,1,"Review","application is giving live data compare to other apps it is lagging too much please look into it",2026-04-22,Android
51,5,"Review","very good and easy to trade. best customer support.❤️",2026-04-22,Android
52,5,"Review","I have been using the Grow app for about three and a half years.It would be good if you added some more new features. Such as a trailing stop loss. Scalping mode of F And O stock",2026-04-22,Android
53,5,"Review","super",2026-04-22,Android
54,5,"Review","best",2026-04-22,Android
55,1,"Review","I couldnt even set a pswd even after following the instructions and suggestion they provided... so if anybody failing to set a pswd kindly switch to another app instead of hanging here (and you know how valuable our time in trading)",2026-04-22,Android
56,5,"Review","good",2026-04-22,Android
57,1,"Review","bakwas app hai",2026-04-22,Android
58,1,"Review","never use this grow app； external charge is too much high",2026-04-22,Android
59,1,"Review","when ever I sell showing different value it's being 3 time in a single day.. I got losses due to it",2026-04-22,Android
60,5,"Review","Superb",2026-04-22,Android
61,5,"Review","good",2026-04-22,Android
62,1,"Review","too much pricing switching to another operator. maket order also they are tkaing price 118 too much for everything. link you adhar 118 lol 😆",2026-04-22,Android
63,1,"Review","even after trying to sell my shares for about 5 times applyng the tpin and otp its showing error which is frustrating.Where even 1 second matter here i am trying for about 5 minutes.This is the first time i am facing this issue befire it wasent like this.i dont know whats wrong with this app.",2026-04-22,Android
64,1,"Review","supar",2026-04-22,Android
65,1,"Review","lagging during Indraday trade many times",2026-04-22,Android
66,5,"Review","excellent",2026-04-22,Android
67,1,"Review","very bad",2026-04-22,Android
68,5,"Review","good",2026-04-22,Android
69,1,"Review","why this app need daily update I'm not satisfied with this thing",2026-04-22,Android
70,5,"Review","very good ji groww app",2026-04-22,Android
71,4,"Review","good",2026-04-22,Android
72,3,"Review","SWP missing； STP not allowed SWP option has been missing for a long time now on the app. When are you planning to bring it.? And why is STP not allowed for SoA funds now? You started as the flexible platform for investing. By trying to lock down investors or forcing them to use Demat MF will just lead negativity and bad taste.",2026-04-22,Android
73,1,"Review","good",2026-04-22,Android
74,5,"Review","good 😊",2026-04-22,Android
75,5,"Review","good app",2026-04-22,Android
76,5,"Review","nice application",2026-04-22,Android
77,5,"Review","groww is best app for trading； investment and mutual fund",2026-04-21,Android
78,4,"Review","easy to use and understand UI DESIGN； FAST & RELIABLE",2026-04-21,Android
79,4,"Review","good",2026-04-21,Android
80,1,"Review","I have not created my account some issue but what the issue not tell me grow app 😡😡",2026-04-21,Android
81,5,"Review","good",2026-04-21,Android
82,1,"Review","mujhe lagta hai lot lagane ke bad grow apne aap hi kam karta h target ka pata hone per bi use kam price per chodne per he badhta h",2026-04-21,Android
83,1,"Review","rubbish",2026-04-21,Android
84,5,"Review","very happy",2026-04-21,Android
85,3,"Review","Grow should recommendation option in Stock and F&O",2026-04-21,Android
86,1,"Review","Worst app； feels cheating to customer. Extra charges； why T+1 share immediately show in demat holding and allowed as normal delivery sell with auto converting to intraday? also btst too shows as normal delivery. It's showing wrong details to customer and charging unfair",2026-04-21,Android
87,5,"Review","good 👍💯",2026-04-21,Android
88,5,"Review","super",2026-04-21,Android
89,1,"Review","facing an issue with groww watchlist App shows limit of 100 items； but I am getting the error 'you can only add 100 items' Even when I try to add more than 10 stocks. This looks like a bug. Please fix this issue as soon as possible. Unable to use watchlist properly. kindly check and resolve because of this issue；I am not able to use the app properly and it's disgusting my overall experience during trading. and I am losing money when discussing app.",2026-04-21,Android
90,5,"Review","smooth and easy to use",2026-04-21,Android
91,5,"Review","good",2026-04-21,Android
92,5,"Review","good saving",2026-04-21,Android
93,5,"Review","Awesome 😎 For BUILDING WEALTH THROUGH DISCIPLINE & SMART INVESTING.....",2026-04-21,Android
94,4,"Review","Very easy-to-use trading app with a clean interface. Great for beginners and long-term investors. Smooth account opening and good overall experience",2026-04-21,Android
95,4,"Review","very smooth to use",2026-04-21,Android
96,5,"Review","good",2026-04-21,Android
97,5,"Review","good",2026-04-21,Android
98,5,"Review","yah bahut achcha hai per trading karne ke liye",2026-04-21,Android
99,5,"Review","MY LOVELY GROWW OFFICIAL OPTION MY BETTER PLATFORM INDIA'S 1RANK INDIAN🪄💝",2026-04-21,Android
100,5,"Review","very good performance 👍🏻",2026-04-21,Android
101,5,"Review","very good",2026-04-21,Android
102,5,"Review","best",2026-04-21,Android
103,5,"Review","Croww app is very good services to investors",2026-04-21,Android
104,2,"Review","They are increased their brokarage chargesand it's not good",2026-04-21,Android
105,5,"Review","very good app.. it's useful",2026-04-21,Android
106,5,"Review","very very good",2026-04-21,Android
107,2,"Review","app is lagging most of time. not able to place the trade properly.",2026-04-21,Android
108,1,"Review","brokerage charge are high..",2026-04-21,Android
109,5,"Review","👍👍👍",2026-04-21,Android
110,1,"Review","okay",2026-04-21,Android
111,1,"Review","it lag alot cant se price movement； candle formation even i updated still same issue iam facing",2026-04-21,Android
112,1,"Review","The New Update from Groww app is just third class they are doing anything by there side they have Activated DDPI BY THEMSELVES AND CHARGED ME 118 RS WITHOUT MY PERMISSION AND AFTER ASKING GROWW CUSTOMER SERVICE THEY ADVISED ME TO DO SO .........",2026-04-21,Android
113,2,"Review","the last update for GTT OR TRIGGER ORDER IS JUST WASTE OF TIME FOR CUSTOMERS ❌❌❌🚫🚫🚫🚫",2026-04-21,Android
114,5,"Review","best",2026-04-21,Android
115,5,"Review","can get better .",2026-04-21,Android
116,5,"Review","Easy to Invest",2026-04-21,Android
117,5,"Review","exllent",2026-04-21,Android
118,5,"Review","nice 📲📲 app",2026-04-21,Android
119,5,"Review","nice choice",2026-04-21,Android
120,5,"Review","crazy app",2026-04-21,Android
121,5,"Review","best app ；interface is very easy to understand ；no unwanted data",2026-04-21,Android
122,5,"Review","great",2026-04-21,Android
123,5,"Review","nice app work all india No- 1",2026-04-21,Android
124,5,"Review","good app",2026-04-21,Android
125,1,"Review","1. After new update no expiry is written - when it is there - earlier it was written that today its expiry day . 2. index and sensex is now so small its look very bad . 3. when some news comes for particular stocks then that stocks must get one symbol like bell so that one know and open the news about that stock ... now i again again have to look for news section of every stock for any update. so kinldy do the change as soon as possible. ??? nothing is done for the same .",2026-04-21,Android
126,1,"Review","flop",2026-04-21,Android
127,1,"Review","don't use this app booohoth jada brokerage ka pese letha he ek din ka 2k. 3k brokarage jarahahe profit sirf 0 me bi koi use math karna is app ko",2026-04-21,Android
128,5,"Review","it's good",2026-04-21,Android
129,4,"Review","dear team； please develop position widget； so we can track it from mobile home screen.",2026-04-21,Android
130,5,"Review","good",2026-04-21,Android
131,5,"Review","super",2026-04-21,Android
132,5,"Review","very good",2026-04-21,Android
133,4,"Review","user interface awesome",2026-04-21,Android
134,5,"Review","good",2026-04-21,Android
135,5,"Review","good 💯 percent sahi hai",2026-04-21,Android
136,1,"Review","worst work stoploss doesn't work on this app also very glitches happened. switching to another broker. now groww is scamming on points it's very bad.",2026-04-21,Android
137,1,"Review","New update is bakwaas... Back to back update",2026-04-21,Android
138,5,"Review","Excellent",2026-04-21,Android
139,5,"Review","Very user friendly experience",2026-04-21,Android
140,4,"Review","ok",2026-04-21,Android
141,1,"Review","worst application to trade at",2026-04-21,Android
142,5,"Review","awesome app and perfect design for new generation",2026-04-21,Android
143,5,"Review","good",2026-04-21,Android
144,1,"Review","now grow is totally froud",2026-04-21,Android
145,5,"Review","good app",2026-04-21,Android
146,5,"Review","very useful",2026-04-21,Android
147,5,"Review","best paltfom investment. 👌👌",2026-04-21,Android
148,5,"Review","very good excellent",2026-04-21,Android
149,4,"Review","good",2026-04-21,Android
150,5,"Review","Best savings for future",2026-04-21,Android
151,5,"Review","easy and user-friendly app.",2026-04-21,Android
152,5,"Review","great 👍",2026-04-21,Android
153,5,"Review","very nice",2026-04-21,Android
154,5,"Review","it's good",2026-04-21,Android
155,5,"Review","thank you very much",2026-04-21,Android
156,5,"Review","easy to handle",2026-04-21,Android
157,5,"Review","best",2026-04-21,Android
158,4,"Review","good",2026-04-21,Android
159,4,"Review","nice",2026-04-21,Android
160,4,"Review","very Trusted App",2026-04-21,Android
161,5,"Review","esye to use",2026-04-21,Android
162,5,"Review","best plateform",2026-04-21,Android
163,5,"Review","good",2026-04-21,Android
164,1,"Review","brokerage high",2026-04-21,Android
165,1,"Review","bad",2026-04-21,Android
166,5,"Review","trust app",2026-04-21,Android
167,5,"Review","my dream stocks market trending Groww apps",2026-04-21,Android
168,5,"Review","SBSE BEST APP LEKIN BROKERAGE SBSE HIGH BHI HAI...MTF ME...",2026-04-21,Android
169,5,"Review","not a bad",2026-04-21,Android
170,2,"Review","Be careful； their calculations are wrong on the balance. Not sure whether they are doing this intentionally to lure money.",2026-04-21,Android
171,5,"Review","thik hi",2026-04-21,Android
172,1,"Review","Brokerage fees comparatively high",2026-04-21,Android
173,5,"Review","good",2026-04-21,Android
174,5,"Review","super",2026-04-21,Android
175,5,"Review","very losees but succes",2026-04-21,Android
176,5,"Review","good sIp setting not visible",2026-04-21,Android
177,1,"Review","വളരെ വൃത്തികെട്ട app നമ്മൾ കഷ്ടപ്പെട്ട് ഉണ്ടാകുന്ന ഫ്രോഫിറ്റ് ഫുൾ അവർ തിന്നും... എന്റെ ബാലൻസിൽ ഇപ്പോൾ ഒരു 3000 രൂപ കുറവ് ഉണ്ട്.. അതിനെക്കുറിച്ചു ചോദിച്ചു നോക്കീട്ട് ഒരു Ai എന്തോ പുലമ്പുന്നു... അല്ലാതെ ഒരു കാര്യവും ഇല്ല",2026-04-21,Android
178,5,"Review","good app",2026-04-21,Android
179,5,"Review","good",2026-04-21,Android
180,2,"Review","it's brokerage charge is high even they advertised 0 % delivery charge but actually thay taken charge when you buy delivery stock and sell ； even they say there charge call is 5 to 20 by grow charge but when you sell your delivery stocks they charge more then it； and other charge not included that tax and gov. charge is also add it's and your pfrofit is many time none if you investment little money",2026-04-20,Android
181,3,"Review","good👍",2026-04-20,Android
182,5,"Review","best effortlessly experience",2026-04-20,Android
183,5,"Review","good",2026-04-20,Android
184,1,"Review","worst of the worst experience..not recommended.. Specially on Expiry day",2026-04-20,Android
185,5,"Review","very good working",2026-04-20,Android
186,5,"Review","Excellent",2026-04-20,Android
187,1,"Review","super",2026-04-20,Android
188,5,"Review","Ok",2026-04-20,Android
189,5,"Review","nice",2026-04-20,Android
190,5,"Review","best best best best best platform in the world 🌎🔥💯🥰♥️♥️♥️♥️",2026-04-20,Android
191,5,"Review","good",2026-04-20,Android
192,5,"Review","this is so beautiful aap 😊😊😊😊😊😊",2026-04-20,Android
193,1,"Review","Mtf brokerage charges is high",2026-04-20,Android
194,4,"Review","good",2026-04-20,Android
195,5,"Review","Best Platform",2026-04-20,Android
196,5,"Review","very good app for investing.",2026-04-20,Android
197,5,"Review","Bahut acha app hai 😊 use karne ke liye simple hai or koi hiden charges bhi nahi hai 👌",2026-04-20,Android
198,4,"Review","good 👍",2026-04-20,Android
199,5,"Review","good👍",2026-04-20,Android
200,5,"Review","Good App",2026-04-20,Android
201,1,"Review","worst app don't install this because if you call customer care the minimum wait time they say 5min but it takes 30min wait time still they won't connect customer care instead they cut the call and again same procedure； I think grow don't have customer care service if at all may be 01 or 02 person are handling this sevice so my request to you people please don't install this useless app. I rate 0 star ⭐ out of 10.",2026-04-20,Android
202,1,"Review","I lost my money",2026-04-20,Android
203,5,"Review","great 👍🏻",2026-04-20,Android
204,5,"Review","Very convenient astrology consultation anytime *",2026-04-20,Android
205,5,"Review","v.v good 👍🏻",2026-04-20,Android
206,5,"Review","bahut badhiya app lawab app mere ko achcha Laga Tum sabhi log download karo 🥰🥰",2026-04-20,Android
207,5,"Review","naic Good",2026-04-20,Android
208,5,"Review","so good",2026-04-20,Android
209,1,"Review","this app is worst app I have ever installed . sell order auto-cancels every time it took me 6 to 7 days to sell . if you are in profit then sell order will not be executed and if you are in debt ( loss ) it will be executed instantly brokrage charges and GST are also high you can not make profit from this app atleast . Nill reply from customer service",2026-04-20,Android
210,5,"Review","very useful especially for beginners",2026-04-20,Android
211,5,"Review","good",2026-04-20,Android
212,4,"Review","too much fees is cut",2026-04-20,Android
213,5,"Review","good company",2026-04-20,Android
214,5,"Review","Good experience",2026-04-20,Android
215,5,"Review","good",2026-04-20,Android
216,4,"Review","good 👍",2026-04-20,Android
217,4,"Review","ok",2026-04-20,Android
218,5,"Review","⭐⭐⭐⭐",2026-04-20,Android
219,5,"Review","very user-friendly UI and easy to sell/buy . it will be helpful for for new person who wants to open a trading account",2026-04-20,Android
220,4,"Review","good",2026-04-20,Android
221,5,"Review","good",2026-04-20,Android
222,5,"Review","nice app",2026-04-20,Android
223,1,"Review","very poor service",2026-04-20,Android
224,5,"Review","Excellant",2026-04-20,Android
225,5,"Review","👍",2026-04-20,Android
226,5,"Review","good",2026-04-20,Android
227,5,"Review","It is very good app.",2026-04-20,Android
228,5,"Review","Good",2026-04-20,Android
229,5,"Review","nice",2026-04-20,Android
230,5,"Review","nice",2026-04-20,Android
231,5,"Review","nice and very easy to handel",2026-04-20,Android
232,5,"Review","Good",2026-04-20,Android
233,5,"Review","very user friendly",2026-04-20,Android
234,5,"Review","nice",2026-04-20,Android
235,5,"Review","very good",2026-04-20,Android
236,1,"Review","its a legal looting... mental harrsament.. distracting youth",2026-04-20,Android
237,5,"Review","nice",2026-04-20,Android
238,5,"Review","great app everything is clean and minimal is it understand",2026-04-20,Android
239,5,"Review","nice aap",2026-04-20,Android
240,5,"Review","very nice day",2026-04-20,Android
241,5,"Review","good",2026-04-20,Android
242,5,"Review","It is too easy to use.",2026-04-20,Android
243,1,"Review","this app is a scam. pls don't use",2026-04-20,Android
244,5,"Review","excellent",2026-04-20,Android
245,5,"Review","thank you for this app",2026-04-20,Android
246,5,"Review","best",2026-04-20,Android
247,5,"Review","good",2026-04-20,Android
248,1,"Review","third class gutter class app always glitches money loosing； if u r an retailer you lost all of your money if u use grow appp",2026-04-20,Android
249,5,"Review","jordar app",2026-04-20,Android
250,4,"Review","super",2026-04-20,Android
251,1,"Review","If Groww cannot execute orders at the correct price and repeatedly hits the wrong target； how are traders supposed to trust the platform for professional trading in Nifty 50 F&O? These technical issues can lead to serious financial losses i Will delete my grow account now",2026-04-20,Android
252,5,"Review","nice 👍",2026-04-20,Android
253,5,"Review","super",2026-04-20,Android
254,5,"Review","easy to use",2026-04-20,Android
255,5,"Review","good",2026-04-20,Android
256,4,"Review","easy to access； good response； quick transfer",2026-04-20,Android
257,5,"Review","OUTSTANDING performance",2026-04-20,Android
258,5,"Review","best",2026-04-20,Android
259,5,"Review","best",2026-04-20,Android
260,5,"Review","really good app",2026-04-20,Android
261,5,"Review","good",2026-04-20,Android
262,1,"Review","Black list Company Not Remove on Groww app(Bharat Global Developers )",2026-04-20,Android
263,5,"Review","good",2026-04-20,Android
264,5,"Review","all good",2026-04-20,Android
265,5,"Review","good",2026-04-20,Android
266,1,"Review","I requested a callback from groww customer support and it have been more than 30 minutes but there is no callback from groww customer support I have also called on 9108800000 but it is showing that the server is unreachable very poor customer support from groww",2026-04-20,Android
267,4,"Review","good",2026-04-20,Android
268,5,"Review","good app's",2026-04-20,Android
269,5,"Review","gud",2026-04-20,Android
270,5,"Review","good platform",2026-04-20,Android
271,5,"Review","good",2026-04-20,Android
272,5,"Review","👍💯",2026-04-20,Android
273,5,"Review","good broker 😃",2026-04-20,Android
274,5,"Review","excellent",2026-04-20,Android
275,5,"Review","good & real aap",2026-04-20,Android
276,3,"Review","unable to delete my account",2026-04-20,Android
277,5,"Review","good platform for investing",2026-04-20,Android
278,4,"Review","achha hai",2026-04-20,Android
279,5,"Review","this is the great platform for the investing and also great for the bestest and trusted app this is you can earn more and more great",2026-04-20,Android
280,5,"Review","this is really nice app and very good working",2026-04-20,Android
281,5,"Review","good",2026-04-20,Android
282,5,"Review","good and easy used",2026-04-20,Android
283,4,"Review","not bad",2026-04-20,Android
284,5,"Review","v good",2026-04-20,Android
285,5,"Review","good app",2026-04-20,Android
286,3,"Review","good",2026-04-20,Android
287,5,"Review","reliable for 7years.",2026-04-20,Android
288,5,"Review","Nice platform to grow wealth.",2026-04-20,Android
289,5,"Review","good app",2026-04-20,Android
290,3,"Review","Good for Investment",2026-04-20,Android
291,5,"Review","good",2026-04-20,Android
292,4,"Review","good",2026-04-20,Android
293,5,"Review","tarik ki majboori nhi samjhte ye log.",2026-04-20,Android
294,1,"Review","nice",2026-04-20,Android
295,5,"Review","ok 👌",2026-04-20,Android
296,5,"Review","super 👍",2026-04-20,Android
297,5,"Review","nice",2026-04-20,Android
298,5,"Review","awesome 😎😎😎",2026-04-20,Android
299,5,"Review","nice application",2026-04-20,Android
300,5,"Review","good",2026-04-20,Android
301,5,"Review","good 👍",2026-04-20,Android
302,4,"Review","It's good for investment",2026-04-20,Android
303,5,"Review","very good 👍",2026-04-20,Android
304,5,"Review","very good 👍👍 treding aap",2026-04-20,Android
305,5,"Review","good app to start stock market and mutual funds for beginners",2026-04-20,Android
306,4,"Review","good working app",2026-04-20,Android
307,5,"Review","aap bahut hi achcha Laga",2026-04-20,Android
308,5,"Review","I have been using the Groww app since 2021； and it is a good platform for investment. The app is user-friendly； easy to navigate； and suitable for both beginners and experienced investors.",2026-04-20,Android
309,5,"Review","operate very easy",2026-04-20,Android
310,5,"Review","good",2026-04-20,Android
311,5,"Review","best app for trading",2026-04-20,Android
312,5,"Review","ok good 👍🏻😊",2026-04-20,Android
313,5,"Review","best app for trading",2026-04-20,Android
314,5,"Review","Absolutely phenomenal app. Will get everything you could possibly need in terms of instruments or information and in a really great user interface that you just cannot not win with.",2026-04-20,Android
315,5,"Review","very nice app for trades please download and try",2026-04-20,Android
316,5,"Review","very good",2026-04-20,Android
317,5,"Review","good",2026-04-20,Android
318,4,"Review","it was good.",2026-04-20,Android
319,5,"Review","Great app for new beginners",2026-04-20,Android
320,5,"Review","nice app",2026-04-20,Android
321,5,"Review","very good",2026-04-20,Android
322,5,"Review","good",2026-04-20,Android
323,5,"Review","no 1 app for trading",2026-04-20,Android
324,5,"Review","Nice 👍",2026-04-20,Android
325,4,"Review","nice",2026-04-20,Android
326,5,"Review","nice",2026-04-20,Android
327,5,"Review","Super",2026-04-20,Android
328,5,"Review","और नहीं इससे बेहतर!",2026-04-20,Android
329,5,"Review","👍",2026-04-20,Android
330,5,"Review","this is best 😀😀😀",2026-04-20,Android
331,5,"Review","good",2026-04-20,Android
332,5,"Review","owsm for stock and share market",2026-04-20,Android
333,5,"Review","Good app and user friendly",2026-04-20,Android
334,4,"Review","very well",2026-04-20,Android
335,5,"Review","Best Finance App",2026-04-19,Android
336,5,"Review","great support for investment",2026-04-19,Android
337,5,"Review","good for trading it keeps me updated and the return data； news and everything is quite accurate so far I'm enjoying using it ❤️",2026-04-19,Android
338,5,"Review","exlent",2026-04-19,Android
339,4,"Review","good",2026-04-19,Android
340,5,"Review","best app for investment",2026-04-19,Android
341,5,"Review","The easiest and user friendly platform with no error. I will tell others to come and join GROWW once. 🙏",2026-04-19,Android
342,5,"Review","Grow is my favourite investment platform. Iam Happy for my broker is grow...",2026-04-19,Android
343,5,"Review","love the User interface. other app should learn from this",2026-04-19,Android
344,5,"Review","good investment platform",2026-04-19,Android
345,1,"Review","very usefull app",2026-04-19,Android
346,5,"Review","good 👍",2026-04-19,Android
347,5,"Review","Nice Experience",2026-04-19,Android
348,5,"Review","it's very easy to use",2026-04-19,Android
349,4,"Review","very gud flatform...",2026-04-19,Android
350,5,"Review","great",2026-04-19,Android
351,1,"Review","it's fake app； do not invest via this； I am struggling in reclaiming my 70k； it's fraud app； do not use",2026-04-19,Android
352,5,"Review","good",2026-04-19,Android
353,5,"Review","very nice and easy",2026-04-19,Android
354,4,"Review","very good experience upar upar",2026-04-19,Android
355,5,"Review","Broker charge kam kijiye",2026-04-19,Android
356,5,"Review","nice",2026-04-19,Android
357,5,"Review","good",2026-04-19,Android
358,3,"Review","Use of app； is not much user friendly. lagging behind its Peer； considering filter； sorting features.",2026-04-19,Android
359,5,"Review","the app is Best",2026-04-19,Android
360,5,"Review","thank u so much 😊🙏 Growwwwww 🤞❤️🫶👀",2026-04-19,Android
361,5,"Review","nice app",2026-04-19,Android
362,5,"Review","very helpful and good 👍",2026-04-19,Android
363,4,"Review","nice",2026-04-19,Android
364,5,"Review","such a growth the groww",2026-04-19,Android
365,5,"Review","simple",2026-04-19,Android
366,5,"Review","Good",2026-04-19,Android
367,5,"Review","crazyyyyyy",2026-04-19,Android
368,5,"Review","nice",2026-04-19,Android
369,5,"Review","nice 🙂",2026-04-19,Android
370,5,"Review","nice 👍",2026-04-19,Android
371,5,"Review","user friendly",2026-04-19,Android
372,5,"Review","easy use",2026-04-19,Android
373,5,"Review","fabulous 😍🤩",2026-04-19,Android
374,5,"Review","very nice",2026-04-19,Android
375,5,"Review","good",2026-04-19,Android
376,1,"Review","most beautiful app",2026-04-19,Android
377,5,"Review","good",2026-04-19,Android
378,5,"Review","very good",2026-04-19,Android
379,5,"Review","easy for beginners",2026-04-19,Android
380,4,"Review","very fast",2026-04-19,Android
381,1,"Review","bad",2026-04-19,Android
382,5,"Review","Good 👍",2026-04-19,Android
383,5,"Review","amazing",2026-04-19,Android
384,5,"Review","One of my most favorite applications for investing and trading! The interface is clean； simple； and very user-friendly； making it perfect for both beginners and experienced users. Everything from stocks to mutual funds is easily accessible； and transactions are smooth and quick. Highly recommend Groww to anyone looking for a reliable and hassle-free investment platform!",2026-04-19,Android
385,4,"Review","very good",2026-04-19,Android
386,5,"Review","best grow app",2026-04-19,Android
387,5,"Review","it's good",2026-04-19,Android
388,4,"Review","okay",2026-04-19,Android
389,5,"Review","good",2026-04-19,Android
390,4,"Review","👌👌",2026-04-19,Android
391,5,"Review","Good",2026-04-19,Android
392,5,"Review","I m very happy",2026-04-19,Android
393,5,"Review","very good 👍👍👍",2026-04-19,Android
394,5,"Review","👍",2026-04-19,Android
395,5,"Review","very good",2026-04-19,Android
396,1,"Review","brokerage so high",2026-04-19,Android
397,5,"Review","overall good 👍",2026-04-19,Android
398,5,"Review","good 👍",2026-04-19,Android
399,5,"Review","nice",2026-04-19,Android
400,5,"Review","fantastic time and cognitive",2026-04-19,Android
401,5,"Review","good apps",2026-04-19,Android
402,5,"Review","good",2026-04-19,Android
403,5,"Review","Nice",2026-04-19,Android
404,4,"Review","grow is best application for murtal funds.",2026-04-19,Android
405,5,"Review","very good",2026-04-19,Android
406,5,"Review","i am first time mutual fund stood i thing this is good 👍 for me in my future investment 💕💕💕💕💕......",2026-04-19,Android
407,5,"Review","Awesome",2026-04-19,Android
408,5,"Review","super",2026-04-19,Android
409,1,"Review","Extremely frustrated with your pathetic system. If the PAN is the same； why demand offline signatures for Re-KYC? Online onboarding but offline updates make no sense. Your support bots and agents are useless. As a YouTuber； I’ll now expose your flawed system to my audience. I’m closing my account and moving to a better broker.",2026-04-19,Android
410,1,"Review","update kyc will require 50₹ 🤣 ； clown app",2026-04-19,Android
411,5,"Review","unbelievable app",2026-04-19,Android
412,3,"Review","Some time hang app & not show correct data .",2026-04-19,Android
413,5,"Review","excellent app",2026-04-19,Android
414,5,"Review","good",2026-04-19,Android
415,5,"Review","nice",2026-04-19,Android
416,5,"Review","very nice game and app",2026-04-19,Android
417,5,"Review","super",2026-04-19,Android
418,5,"Review","Good",2026-04-19,Android
419,5,"Review","good",2026-04-19,Android
420,5,"Review","verry nice service...👍",2026-04-19,Android
421,5,"Review","Excellent",2026-04-19,Android
422,5,"Review","good 👍",2026-04-19,Android
423,5,"Review","exalent",2026-04-19,Android
424,5,"Review","great",2026-04-19,Android
425,5,"Review","super fantastic amazing very good",2026-04-19,Android
426,5,"Review","good",2026-04-19,Android
427,5,"Review","This app is so good but hidden charging and government charging so many so Very bad for any treaders",2026-04-19,Android
428,4,"Review","perfect for beginners",2026-04-19,Android
429,5,"Review","Good",2026-04-19,Android
430,1,"Review","3rd class adds",2026-04-18,Android
431,1,"Review","AMC have credited the amount in my old bank account which was freeze. I cannot access it. Despite of telling hundreds times to change my bank account； you did not. You made me do the courier 2 times for account update； but you never update my bank account. It cost me 500 rupee for courier and now 3；123 . Now I'm going to take legal action； it's your fault.",2026-04-18,Android
432,5,"Review","this app use very easy and simple. i am understanding easy this app",2026-04-18,Android
433,1,"Review","very bad",2026-04-18,Android
434,5,"Review","very good app",2026-04-18,Android
435,5,"Review","very comfortable for a beginner investment",2026-04-18,Android
436,5,"Review","absolutely the best app",2026-04-18,Android
437,5,"Review","good",2026-04-18,Android
438,5,"Review","Very easy to Freshers",2026-04-18,Android
439,5,"Review","now at Great app happy now Sir tnx Long time user",2026-04-18,Android
440,5,"Review","osm",2026-04-18,Android
441,5,"Review","Best ui i have seen made me switch from other broker app. UPI payments are surprisingly fast love it. suggestions 1. more features can be added to upi like upi lite； upi widgets etc",2026-04-18,Android
442,5,"Review","over all Very Good app",2026-04-18,Android
443,5,"Review","very nice",2026-04-18,Android
444,4,"Review","thanks for helping for poor people",2026-04-18,Android
445,4,"Review","provide more security and solve the problem as early as",2026-04-18,Android
446,5,"Review","👍🏻",2026-04-18,Android
447,5,"Review","best",2026-04-18,Android
448,5,"Review","easy to invest free demat account very nice platform for investing.",2026-04-18,Android
449,5,"Review","good 👍🏻",2026-04-18,Android
450,5,"Review","good",2026-04-18,Android
451,5,"Review","best browsing app 👍",2026-04-18,Android
452,5,"Review","best app",2026-04-18,Android
453,5,"Review","nice 👍",2026-04-18,Android
454,5,"Review","very good",2026-04-18,Android
455,5,"Review","nice",2026-04-18,Android
456,5,"Review","good app",2026-04-18,Android
457,5,"Review","very good",2026-04-18,Android
458,5,"Review","good",2026-04-18,Android
459,1,"Review","One Of The Worst Apps For Trading Before Reaching SL Price Automatically Sell Position Also For Buying Buy At High Price ; Don't Use It",2026-04-18,Android
460,5,"Review","excellent",2026-04-18,Android
461,1,"Review","good",2026-04-18,Android
462,4,"Review","I have been using the app for 3 years It is overall good. It need to improve at order execution in the intraday segment ； it lags in speed execution.",2026-04-18,Android
463,5,"Review","excellent 👌",2026-04-18,Android
464,5,"Review","excellent 👍👌",2026-04-18,Android
465,5,"Review","good",2026-04-18,Android
466,5,"Review","good and easy application for market",2026-04-18,Android
467,5,"Review","good",2026-04-18,Android
468,5,"Review","अच्छा है",2026-04-18,Android
469,5,"Review","शानदार",2026-04-18,Android
470,5,"Review","very nice app",2026-04-18,Android
471,1,"Review","Don't install this app totally frustrating； once they received your money； don't take back easily； no customer support services； please don't spoil your time and mony.. 🙏",2026-04-18,Android
472,5,"Review","very good 👍",2026-04-18,Android
473,5,"Review","very good",2026-04-18,Android
474,5,"Review","good",2026-04-18,Android
475,5,"Review","I am very happy with groww",2026-04-18,Android
476,5,"Review","well done",2026-04-18,Android
477,5,"Review","good",2026-04-18,Android
478,5,"Review","excellent 👍 app",2026-04-18,Android
479,5,"Review","very good",2026-04-18,Android
480,5,"Review","great app",2026-04-18,Android
481,1,"Review","UPI section is not loading i complaint it about 5 to 6 time and many different days but It can't resolve help me 😔 that was not expected from grow.",2026-04-18,Android
482,5,"Review","good",2026-04-18,Android
483,5,"Review","Apps it's good but I have no money 😞",2026-04-18,Android
484,5,"Review","nice app",2026-04-18,Android
485,5,"Review","no risk",2026-04-18,Android
486,5,"Review","good",2026-04-18,Android
487,5,"Review","very good",2026-04-18,Android
488,4,"Review","very good",2026-04-18,Android
489,5,"Review","osam",2026-04-18,Android
490,5,"Review","it's definitely good for trading",2026-04-18,Android
491,4,"Review","ok",2026-04-18,Android
492,5,"Review","nice application use easy",2026-04-18,Android
493,4,"Review","Best Treding platform.",2026-04-18,Android
494,5,"Review","Excellent Mutual fund app",2026-04-18,Android
495,4,"Review","good",2026-04-18,Android
496,5,"Review","very good",2026-04-18,Android
497,5,"Review","good 👍😊",2026-04-18,Android
498,5,"Review","super easy app to use",2026-04-18,Android
499,5,"Review","best",2026-04-18,Android
500,5,"Review","superb quality and quality ok",2026-04-18,Android
501,5,"Review","very good investment app",2026-04-18,Android
502,5,"Review","v good 💯😊",2026-04-18,Android
503,1,"Review","fake app but trading ke liye best",2026-04-18,Android
504,5,"Review","Groww app is 👌",2026-04-18,Android
505,4,"Review","best for beginners",2026-04-18,Android
506,5,"Review","it's a very trusted appa",2026-04-18,Android
507,5,"Review","mast",2026-04-18,Android
508,5,"Review","Groww apps Nice 👍",2026-04-18,Android
509,5,"Review","good",2026-04-18,Android
510,5,"Review","love you",2026-04-18,Android
511,5,"Review","ok",2026-04-18,Android
512,5,"Review","Better",2026-04-18,Android
513,5,"Review","Good",2026-04-18,Android
514,5,"Review","Good",2026-04-18,Android
515,5,"Review","nice and easy to manage",2026-04-18,Android
516,5,"Review","good",2026-04-18,Android
517,5,"Review","good",2026-04-18,Android
518,1,"Review","grow hade not returned my money that I withdraw from it",2026-04-18,Android
519,5,"Review","very good grow",2026-04-18,Android
520,5,"Review","good",2026-04-18,Android
521,5,"Review","good",2026-04-18,Android
522,5,"Review","good grow",2026-04-18,Android
523,5,"Review","very good",2026-04-18,Android
524,5,"Review","Avarage",2026-04-18,Android
525,5,"Review","good experience",2026-04-18,Android
526,1,"Review","fraud apps money West",2026-04-18,Android
527,5,"Review","nice one",2026-04-18,Android
528,5,"Review","good",2026-04-18,Android
529,5,"Review","Good",2026-04-18,Android
530,2,"Review","not bad",2026-04-18,Android
531,5,"Review","mast",2026-04-18,Android
532,3,"Review","Intraday charges can be ₹10 per order and Delivery charges can be zero. Many platforms offer the same charges.",2026-04-18,Android
533,5,"Review","very easy operation",2026-04-18,Android
534,1,"Review","A very bad experience chart error happened very often if you are doing chart analysis in nifty50 before 8-dec-25 you can't see charts before 4 Hour time very bad and some time if you shuffle in TF to analysis sometime in one timeframe that specific day's total candle will venice so very very very bad experience 0 Star and I will uninstall this app on Monday and shift to Dhan sold all my shares on this platform just because this error thing",2026-04-18,Android
535,5,"Review","good 👍",2026-04-18,Android
536,5,"Review","Excellent",2026-04-18,Android
537,5,"Review","Some days； we like to come here just to remind you to straighten your back； stay hydrated； read the disclaimers； and update your Groww app. These regular updates help keep the bugs away and thus enhance your investing journey.",2026-04-18,Android
538,1,"Review","ग्राहक सेवा बहुत खराब है। कॉल उपलब्ध नहीं है। एक घंटे से कॉल कर रहा हूं कोई कॉल नहीं उठाता. टिकट रेश कर दिया तो कोई उसका जवाब नहीं मिलता",2026-04-18,Android
539,5,"Review","nice 👍",2026-04-18,Android
540,5,"Review","supper",2026-04-18,Android
541,1,"Review","good 👍",2026-04-18,Android
542,5,"Review","👍 supar good",2026-04-18,Android
543,5,"Review","verry good",2026-04-18,Android
544,5,"Review","good",2026-04-18,Android
545,5,"Review","nice",2026-04-18,Android
546,1,"Review","i don't know what happened but the app is showing ``your journey is in reset process '' . This is my first time of using a trade app and showing this from the start.... I haven't even started my journey.... Not to raise complain but to reach your concern..... kindly rectify the issue",2026-04-18,Android
547,5,"Review","very good",2026-04-18,Android
548,4,"Review","good",2026-04-18,Android
549,5,"Review","it's very Good",2026-04-18,Android
550,1,"Review","very poor customer service",2026-04-18,Android
551,5,"Review","good",2026-04-18,Android
552,1,"Review","nice 👍",2026-04-17,Android
553,5,"Review","awesome app for growing❤️",2026-04-17,Android
554,4,"Review","good",2026-04-17,Android
555,5,"Review","very very very nice and useful application. every thing we can done in a single one platform",2026-04-17,Android
556,5,"Review","Best app",2026-04-17,Android
557,5,"Review","Very Good app to learn and Invest. Gives Many stats and has a very simple and easy to understand and use interface. Transactions are fast and smooth",2026-04-17,Android
558,5,"Review","very easy",2026-04-17,Android
559,4,"Review","nice groww",2026-04-17,Android
560,5,"Review","👌❣️",2026-04-17,Android
561,5,"Review","good work",2026-04-17,Android
562,5,"Review","good",2026-04-17,Android
563,4,"Review","So far the experience has been good. However； you guys don't update data regularly. eg. Recently I received a mail from ICICI fundhouse that the expense ratio of ICICI Large cap has increased from 0.69% to 0.72% but in your app the rate is 0.87%. This is a huge problem as we normally check these parameters before making any investments. There are many other lapses like this. You should focus on fixing these issues.",2026-04-17,Android
564,5,"Review","nice 👍",2026-04-17,Android
565,5,"Review","it's amazing Application for beginners",2026-04-17,Android
566,5,"Review","सबसे अच्छा",2026-04-17,Android
567,5,"Review","Nice 👍🙂",2026-04-17,Android
568,5,"Review","easy method for market analysis and trading",2026-04-17,Android
569,1,"Review","not login aap",2026-04-17,Android
570,5,"Review","very useful in this app",2026-04-17,Android
571,5,"Review","good",2026-04-17,Android
572,5,"Review","good very good",2026-04-17,Android
573,5,"Review","abhi last update ke baad se app me hanging problem bhut aaari hai kabi charts atak jaare kabi orders atak jaare and if possible pls add tg and sl on chart like dhan will be very helpful",2026-04-17,Android
574,1,"Review","The NAV assigned and the actual NAV is not matching and the support system is pathetic. no response from calls； chats too.",2026-04-17,Android
575,5,"Review","🫡😎",2026-04-17,Android
576,5,"Review","very good",2026-04-17,Android
577,5,"Review","very good 👍👍👍",2026-04-17,Android
578,5,"Review","easy to use",2026-04-17,Android
579,5,"Review","good",2026-04-17,Android
580,5,"Review","👍",2026-04-17,Android
581,1,"Review","लूटो",2026-04-17,Android
582,5,"Review","Verry nice and easy to use",2026-04-17,Android
583,5,"Review","easy to understand app. best app",2026-04-17,Android
584,5,"Review","I've been using this application for the past three years； and it's very easy to learn and use. My overall experience has been excellent. Thanks to the Groww team. 🙂",2026-04-17,Android
585,5,"Review","very good",2026-04-17,Android
586,5,"Review","all update timley and easy to payment meathed",2026-04-17,Android
587,4,"Review","option trading main stop loss and target ka option de de to achcha hoga",2026-04-17,Android
588,3,"Review","Everything is fine； but MTF brokerage charges are very high.",2026-04-17,Android
589,5,"Review","It's too easy and trusted",2026-04-17,Android
590,3,"Review","brokerage charges are so high",2026-04-17,Android
591,5,"Review","use interface acha he par brokrage jyada hai",2026-04-17,Android
592,5,"Review","excellent performance",2026-04-17,Android
593,5,"Review","good 👍",2026-04-17,Android
594,5,"Review","nise app",2026-04-17,Android
595,5,"Review","all is well",2026-04-17,Android
596,5,"Review","good 👍",2026-04-17,Android
597,5,"Review","good",2026-04-17,Android
598,5,"Review","Good 👍",2026-04-17,Android
599,4,"Review","Good",2026-04-17,Android
600,4,"Review","😊",2026-04-17,Android
601,5,"Review","great experience 😃... Groww mobile app pr SWP ka option kab tak aayega ??",2026-04-17,Android
602,3,"Review","nice",2026-04-17,Android
603,4,"Review","very good 👍",2026-04-17,Android
604,5,"Review","👍",2026-04-17,Android
605,5,"Review","good",2026-04-17,Android
606,4,"Review","on Star less because it's take some hidden charges for using application",2026-04-17,Android
607,1,"Review","useless over hyped 😪",2026-04-17,Android
608,5,"Review","best app for investment",2026-04-17,Android
609,5,"Review","Best App",2026-04-17,Android
610,5,"Review","Best Platform",2026-04-17,Android
611,5,"Review","it's good",2026-04-17,Android
612,5,"Review","nice 👍",2026-04-17,Android
613,4,"Review","good",2026-04-17,Android
614,1,"Review","not bad",2026-04-17,Android
615,4,"Review","very carefully good working",2026-04-17,Android
616,5,"Review","👌",2026-04-17,Android
617,4,"Review","good",2026-04-17,Android
618,4,"Review","Giod",2026-04-17,Android
619,5,"Review","fantastic ❤️",2026-04-17,Android
620,3,"Review","one of the best user interface in all brokers",2026-04-17,Android
621,5,"Review","good platform",2026-04-17,Android
622,5,"Review","👍",2026-04-17,Android
623,1,"Review","Earlier it worked very fine but now it seems as it has been well designed so that there's only loss of money inspite of the market being high or low. Not reliable or transparent.",2026-04-17,Android
624,5,"Review","Exsilant 🥰🥰",2026-04-17,Android
625,5,"Review","very nice 👍",2026-04-17,Android
626,1,"Review","worst Service app",2026-04-17,Android
627,5,"Review","Exllent",2026-04-17,Android
628,1,"Review","brokarage amount High and Chart and indicator not updated like Dhan",2026-04-17,Android
629,5,"Review","good👍",2026-04-17,Android
630,5,"Review","easy",2026-04-17,Android
631,5,"Review","very nice",2026-04-17,Android
632,5,"Review","user friendly app",2026-04-17,Android
633,1,"Review","Hi Everyone Please Don't use the Groww Platform Instead of using Groww prefer someother good broker as in the market we have many options.The thing is I placed a Stoploss order while inwas in trade my SL on 24250 call was 174 rs in the same candle at 1:24 Pm sell order executed but my Stoploss price was 174 triggered candle which never came at the time to 174.50 also... Don't use a Groww many times face a technical issues highly not recommended this broker",2026-04-17,Android
634,5,"Review","very good",2026-04-17,Android
635,5,"Review","good",2026-04-17,Android
636,3,"Review","Trailing Stop Loss is not Available",2026-04-17,Android
637,5,"Review","good app and trusted",2026-04-17,Android
638,5,"Review","outstanding",2026-04-17,Android
639,1,"Review","mader hot app sa bahut charge lagta ha sa la instell karo sab log 1200 sa shida 800 siref charges sa mare profit vi tha scam ho raha ha hera sat",2026-04-17,Android
640,5,"Review","good",2026-04-17,Android
641,5,"Review","Outstanding👌👌👌",2026-04-17,Android
642,5,"Review","best trading app",2026-04-17,Android
643,5,"Review","good",2026-04-17,Android
644,4,"Review","good",2026-04-17,Android
645,5,"Review","very good service",2026-04-17,Android
646,5,"Review","good aps fast update",2026-04-17,Android
647,5,"Review","good",2026-04-17,Android
648,5,"Review","good one",2026-04-17,Android
649,5,"Review","good report",2026-04-17,Android
650,5,"Review","good",2026-04-17,Android
651,5,"Review","very easy very helpful ☺️",2026-04-17,Android
652,5,"Review","good",2026-04-17,Android
653,5,"Review","excellent",2026-04-17,Android
654,1,"Review","very bad app ； which not trust worthy at all； in f&o it's all gambling and not genuine at all； you can see it very clearly in commodity tradess； one star is because of its speed； not for its trust full services； don't go for f&o in groww； go for other brokers",2026-04-17,Android
655,5,"Review","good",2026-04-17,Android
656,5,"Review","excellent",2026-04-17,Android
657,5,"Review","mast app h",2026-04-17,Android
658,5,"Review","help karna",2026-04-17,Android
659,5,"Review","Nice service",2026-04-17,Android
660,5,"Review","it is very easy to understand for beginners and the charges are low compared to other brokers",2026-04-17,Android
661,5,"Review","good app for investment",2026-04-17,Android
662,5,"Review","good",2026-04-17,Android
663,5,"Review","very good app",2026-04-17,Android
664,5,"Review","good",2026-04-17,Android
665,5,"Review","Veni； Vidi； Vici",2026-04-17,Android
666,5,"Review","nice",2026-04-17,Android
667,5,"Review","Groww is a simple； user-friendly app that’s great for beginners starting their investment journey.",2026-04-17,Android
668,5,"Review","👍",2026-04-17,Android
669,5,"Review","best",2026-04-17,Android
670,5,"Review","good",2026-04-17,Android
671,5,"Review","good aap",2026-04-17,Android
672,5,"Review","ak din ka 40k 50k Kam rh hu",2026-04-17,Android
673,4,"Review","good",2026-04-17,Android
674,5,"Review","very good",2026-04-17,Android
675,4,"Review","good",2026-04-17,Android
676,2,"Review","not live showing why ? i have to open it repeatedly.",2026-04-17,Android
677,5,"Review","Best .. But Can Change हिंदी Language.",2026-04-17,Android
678,5,"Review","plz plz don't change ui.keep the same",2026-04-17,Android
679,5,"Review","good",2026-04-17,Android
680,5,"Review","good",2026-04-17,Android
681,5,"Review","good organised App without any issues",2026-04-17,Android
682,5,"Review","easy to use . best experience 😉.",2026-04-17,Android
683,4,"Review","good 👍🏻",2026-04-17,Android
684,5,"Review","👌",2026-04-17,Android
685,5,"Review","very good platform",2026-04-17,Android
686,5,"Review","best app I used till now",2026-04-17,Android
687,5,"Review","groww uh make me grow TQ❣️",2026-04-17,Android
688,5,"Review","thank",2026-04-17,Android
689,5,"Review","good 👍",2026-04-17,Android
690,5,"Review","this app is better now",2026-04-17,Android
691,5,"Review","Nice changes low",2026-04-17,Android
692,1,"Review","good game",2026-04-17,Android
693,5,"Review","best aap",2026-04-17,Android
694,5,"Review","sahi h",2026-04-17,Android
695,5,"Review","very easy to use......",2026-04-17,Android
696,5,"Review","nice app and very helpful 👍🏻 to see tecnical analysis and. buy or sell",2026-04-17,Android
697,5,"Review","Excellent",2026-04-17,Android
698,5,"Review","good for everyone",2026-04-17,Android
699,5,"Review","good 😊",2026-04-17,Android
700,5,"Review","it's very good App.",2026-04-17,Android
701,5,"Review","one of the best； all the features are excellent.. only feedback is in the Option basket the strike from different weeks is not featured； it's allowing only same week. no other points .. the best.. Edit 17/04/26 after so many years of trading now I am growing 💗 very happy. Thank you team..",2026-04-17,Android
702,5,"Review","good",2026-04-17,Android
703,5,"Review","best app",2026-04-17,Android
704,5,"Review","better than others",2026-04-17,Android
705,5,"Review","so friendly",2026-04-17,Android
706,1,"Review","Almost everyone think groww charges less brokerage；but guess what； it charges the highest brokerage - 0.2% of the whole transaction for MTF with no capping； so if suppose you have 1 lac ₹ and you get ×4 times MTF = 4 lac₹ equity trade ； now if you exit in no profit no loss situation you exit for a price of 4 lac ₹ ；so they charge you for 8 lac₹ ( 4 exit 4 entry) =0.002×800000= 1600 Rs for a single trade and you were also paying interest of 14.95% pa of the complete amount. Crux- YOU LOOSE 2-3%",2026-04-17,Android
707,5,"Review","good",2026-04-17,Android
708,5,"Review","good",2026-04-17,Android
709,5,"Review","good service 👍",2026-04-17,Android
710,1,"Review","I am sharing my personal experience. please don't trade in this application. there are lot of hidden charges. even though you got profit you always in loses side. they won't send mail for hidden charges. no response from customer service because they wantedly eating out money. at beginning one or two trades they don't eat after that they start eating our money. hope this is useful any one. beware of this application.",2026-04-17,Android
711,5,"Review","great 👍",2026-04-17,Android
712,4,"Review","good",2026-04-17,Android
713,1,"Review","i did not like the interface and system after the latest update.. previous system was better to handle this app...",2026-04-17,Android
714,3,"Review","every time I required to update",2026-04-17,Android
715,5,"Review","Good",2026-04-17,Android
716,5,"Review","best for beginners",2026-04-17,Android
717,5,"Review","UI is great ； simple handling and fast .",2026-04-17,Android
718,1,"Review","they stole Rs 4 to 5 Or for a large transaction nearly Rs100 every time some one complaint about grow in cyber crime",2026-04-17,Android
719,5,"Review","excellent 👍",2026-04-17,Android
720,5,"Review","groww side no any technical support",2026-04-17,Android
721,5,"Review","👌👌👌👌",2026-04-17,Android
722,1,"Review","no need to add fractions in sl and tgt in position tool😡😡😡... from I'll be no longer groww user😏😏😏",2026-04-17,Android
723,3,"Review","nice",2026-04-17,Android
724,5,"Review","add money easly",2026-04-17,Android
725,5,"Review","good",2026-04-17,Android
726,5,"Review","good 👍",2026-04-17,Android
727,5,"Review","very nice",2026-04-17,Android
728,5,"Review","⭐⭐⭐⭐⭐",2026-04-17,Android
729,5,"Review","good investment",2026-04-17,Android
730,5,"Review","good",2026-04-17,Android
731,5,"Review","my favourite app",2026-04-17,Android
732,5,"Review","excellent",2026-04-17,Android
733,1,"Review","Every index expiry day asking update. Always asking update.",2026-04-17,Android
734,5,"Review","good 👍",2026-04-17,Android
735,5,"Review","smooth running",2026-04-17,Android
736,5,"Review","good app's",2026-04-17,Android
737,5,"Review","good Tranding",2026-04-17,Android
738,5,"Review","super",2026-04-17,Android
739,5,"Review","👍",2026-04-17,Android
740,3,"Review","good",2026-04-17,Android
741,5,"Review","v nice",2026-04-17,Android
742,5,"Review","well",2026-04-17,Android
743,5,"Review","great and Friendly Application.",2026-04-17,Android
744,1,"Review","this gu app is charging extra money in the name of groww charges on buying or selling of stocks and the worst thing is that.. they Even don't follow SEBI rules and hold money for extra time and can be withdrawal able after 10am of next to next days if there is a holiday they gonna hold money for more time",2026-04-17,Android
745,5,"Review","भरोसेमंद handling me bahot aasan hai；",2026-04-17,Android
746,4,"Review","good app easy to use. but need to add more option in filters of stock",2026-04-17,Android
747,5,"Review","good 👍🏻",2026-04-17,Android
748,5,"Review","good App for stock market 🥰",2026-04-17,Android
749,5,"Review","good",2026-04-17,Android
750,1,"Review","5000 रुपीस काम हो गयामेरे साथ ग्रो कंपनी फ्रॉडहै कंपनी रिक्शा में",2026-04-17,Android
751,4,"Review","best grow 😁😁😁🪴🪴🪴",2026-04-17,Android
752,5,"Review","good",2026-04-17,Android
753,5,"Review","good",2026-04-17,Android
754,5,"Review","good",2026-04-17,Android
755,5,"Review","very nice app usefull app",2026-04-17,Android
756,4,"Review","must try",2026-04-17,Android
757,1,"Review","good",2026-04-17,Android
758,5,"Review","good",2026-04-17,Android
759,5,"Review","Good App",2026-04-16,Android
760,5,"Review","excellent",2026-04-16,Android
761,5,"Review","best 👍",2026-04-16,Android
762,5,"Review","good",2026-04-16,Android
763,5,"Review","good",2026-04-16,Android
764,5,"Review","lovely",2026-04-16,Android
765,5,"Review","nice",2026-04-16,Android
766,5,"Review","easy to use 😎😎",2026-04-16,Android
767,5,"Review","Nice",2026-04-16,Android
768,5,"Review","useful for middle class",2026-04-16,Android
769,5,"Review","very good",2026-04-16,Android
770,5,"Review","gud",2026-04-16,Android
771,5,"Review","Nice",2026-04-16,Android
772,5,"Review","best investment app",2026-04-16,Android
773,5,"Review","very useful for the share market.",2026-04-16,Android
774,4,"Review","nice",2026-04-16,Android
775,1,"Review","Groww app is not suitable for a trader； this is only for investment purpose. So many glitches； execution problem. You may faces big loss for this and they just assured you by a 'sorry'",2026-04-16,Android
776,4,"Review","👍",2026-04-16,Android
777,5,"Review","nice app for investment",2026-04-16,Android
778,5,"Review","super.",2026-04-16,Android
779,5,"Review","toomuch looty brokarage sad plateform",2026-04-16,Android
780,5,"Review","awesome 👍😎😎😎👍👍👍👍",2026-04-16,Android
781,5,"Review","Good",2026-04-16,Android
782,5,"Review","yes good",2026-04-16,Android
783,1,"Review","bakchod app😊😊😊",2026-04-16,Android
784,5,"Review","it make 100crore",2026-04-16,Android
785,5,"Review","⭐⭐⭐⭐⭐",2026-04-16,Android
786,5,"Review","very good",2026-04-16,Android
787,4,"Review","Please provide trade diary features",2026-04-16,Android
788,3,"Review","nice 👍",2026-04-16,Android
789,5,"Review","excellent app",2026-04-16,Android
790,5,"Review","nice app",2026-04-16,Android
791,5,"Review","Good 👍",2026-04-16,Android
792,5,"Review","good",2026-04-16,Android
793,2,"Review","ok",2026-04-16,Android
794,5,"Review","nice",2026-04-16,Android
795,5,"Review","good app",2026-04-16,Android
796,5,"Review","If possible to guide unknown customer for about ongoing profitable and loss mutual funds. How to invest in profitable mutual funds and gain knowledge about stocks and mutual fund?",2026-04-16,Android
797,5,"Review","good 👍",2026-04-16,Android
798,1,"Review","👎 👎👎👎👎",2026-04-16,Android
799,5,"Review","nice app",2026-04-16,Android
800,5,"Review","nice groww",2026-04-16,Android
801,5,"Review","My gmail id and mobile number are linked to my Groww demat account. I don't have them yet； so I want to update them. Please help.",2026-04-16,Android
802,5,"Review","my order successful now",2026-04-16,Android
803,5,"Review","TRUSTWORTHY",2026-04-16,Android
804,5,"Review","nice 👍",2026-04-16,Android
805,1,"Review","not satisfied with this update",2026-04-16,Android
806,5,"Review","Clean； beautiful user experience",2026-04-16,Android
807,1,"Review","It's a very difficult app for an option trader while the limit orders execute in the market & GTT orders will execute far from the limit we set. SL is also the same； if we keep 10 points as SL it goes nearly 13 to 14 points & hits the SL. while coming to targets if we keep 20 points it will hit nearly 16 to 18 points. And the app does not provide any bracket orders； we can't set our targets & SL before the order activates； we only set the SL & Targets once the order activates.",2026-04-16,Android
808,4,"Review","good",2026-04-16,Android
809,5,"Review","excellent",2026-04-16,Android
810,5,"Review","good 👍",2026-04-16,Android
811,5,"Review","nice",2026-04-16,Android
812,5,"Review","good",2026-04-16,Android
813,5,"Review","much better than other aap.",2026-04-16,Android
814,5,"Review","best",2026-04-16,Android
815,5,"Review","very super",2026-04-16,Android
816,5,"Review","Groww is super broker app",2026-04-16,Android
817,3,"Review","good",2026-04-16,Android
818,5,"Review","Good experience",2026-04-16,Android
819,5,"Review","good",2026-04-16,Android
820,1,"Review","very very disturbing ad procedure",2026-04-16,Android
821,5,"Review","good aap",2026-04-16,Android
822,5,"Review","good app easy to goooooo",2026-04-16,Android
823,5,"Review","good sarvice",2026-04-16,Android
824,5,"Review","quick response and timely account transparency",2026-04-16,Android
825,5,"Review","excellent",2026-04-16,Android
826,5,"Review","easy to use； minimal charges",2026-04-16,Android
827,1,"Review","very high charges from grow it s worst experince from grow ；also there is no way to check iv ；in the live market ；please don t go with grow you take every time loss .",2026-04-16,Android
828,1,"Review","fraud app h high brokerage aur kab aapke trading cut Jaye pta bhi nhi lagea",2026-04-16,Android
829,5,"Review","good",2026-04-16,Android
830,1,"Review","ab tak ka sabse sabse sabse ghatiya broker app hai Groww； 1 star bhi dene ke layak nahi hai. galti se bhi esme option trading mat Krna nahi to sb road me aa jaoge",2026-04-16,Android
831,5,"Review","Nice",2026-04-16,Android
832,5,"Review","Appreciated 🙏",2026-04-16,Android
833,5,"Review","❤️‍🔥",2026-04-16,Android
834,1,"Review","stucks when needed most",2026-04-16,Android
835,5,"Review","nice app for investment in stick and mutual funds. easy to use",2026-04-16,Android
836,5,"Review","Best broker for for easy interface and smooth experience",2026-04-16,Android
837,5,"Review","osm work",2026-04-16,Android
838,5,"Review","good",2026-04-16,Android
839,5,"Review","it's good",2026-04-16,Android
840,5,"Review","best",2026-04-16,Android
841,5,"Review","good service",2026-04-16,Android
842,1,"Review","I can't place GTT sell order anymore and the app is forcing me to enable DDPI for placing trigger sell orders",2026-04-16,Android
843,5,"Review","Excellent",2026-04-16,Android
844,5,"Review","very bad app I hate this app ek gatiya app hai but 5 star de hi deta hun",2026-04-16,Android
845,4,"Review","Nice simple interface for beginners. Has explanation for new technical terms too. FEEDBACK: can add live data for 1yr 3yr； 5yr rolling returns； alpha； sharpe & sortino in the details for each fund. kind of helps in getting a better picture",2026-04-16,Android
846,5,"Review","easy to maintain",2026-04-16,Android
847,1,"Review","worst app... too many hidden charges",2026-04-16,Android
848,5,"Review","very Good",2026-04-16,Android
849,5,"Review","excellent app.",2026-04-16,Android
850,4,"Review","awasome",2026-04-16,Android
851,5,"Review","easy to use this app and beginner friendly too.",2026-04-16,Android
852,5,"Review","very nice",2026-04-16,Android
853,5,"Review","good",2026-04-16,Android
854,5,"Review","bahut acha",2026-04-16,Android
855,1,"Review","im sorry to say but this is not an okay app for beginners； not at all! please hear me out i had no idea about the other charges ； i added 1470 rupees in my account later on facing market downfall to prevent greater loss ； i took it out at the lowest loss as possible and which was around 30 rs and later on when i went to withdraw my money back to my account i gor 1190 rupees back :) ... ima get alotta scolding from my mom",2026-04-16,Android
856,5,"Review","good app",2026-04-16,Android
857,5,"Review","very good 👍 app",2026-04-16,Android
858,5,"Review","good",2026-04-16,Android
859,2,"Review","good",2026-04-16,Android
860,5,"Review","👍",2026-04-16,Android
861,5,"Review","Ammazing 😁",2026-04-16,Android
862,5,"Review","bdhiya h bhut easy h",2026-04-16,Android
863,2,"Review","brokerage fee is too much",2026-04-16,Android
864,5,"Review","these app good for fund and stock",2026-04-16,Android
865,5,"Review","Best app based platform.",2026-04-16,Android
866,5,"Review","very class app",2026-04-16,Android
867,1,"Review","financial year 26-27 kb aayegi app pr",2026-04-16,Android
868,5,"Review","it is nice app",2026-04-16,Android
869,5,"Review","easy nd helpful",2026-04-16,Android
870,1,"Review","new update is worst I don't like this i request I to bring the old version thank you",2026-04-16,Android
871,5,"Review","it's very nice aap for trading",2026-04-16,Android
872,5,"Review","super",2026-04-16,Android
873,5,"Review","good",2026-04-16,Android
874,5,"Review","good 👍",2026-04-16,Android
875,1,"Review","is app ko koi bhi download mat Karna is mahine premium barabar chalega nahin chart barabar chalega jo bhi download kar raha hai Sahi ko kijiye sabse best app",2026-04-16,Android
876,5,"Review","good",2026-04-16,Android
877,5,"Review","good 👍",2026-04-16,Android
878,5,"Review","100% real",2026-04-16,Android
879,5,"Review","Superb smooth UI； Very easy to sell and buy. I have switched from coin and hdfc",2026-04-16,Android
880,5,"Review","very good",2026-04-16,Android
881,4,"Review","okay to use",2026-04-16,Android
882,1,"Review","Brokarage Very High",2026-04-16,Android
883,5,"Review","good 👍",2026-04-16,Android
884,5,"Review","this app good no iam invest amount but more amount cutting",2026-04-16,Android
885,5,"Review","good",2026-04-16,Android
886,5,"Review","nice for trade",2026-04-16,Android
887,5,"Review","super",2026-04-16,Android
888,5,"Review","Excellent",2026-04-16,Android
889,5,"Review","Just Perfect for me",2026-04-16,Android
890,5,"Review","good",2026-04-16,Android
891,5,"Review","nice",2026-04-16,Android
892,5,"Review","ok",2026-04-16,Android
893,5,"Review","good",2026-04-16,Android
894,5,"Review","good",2026-04-16,Android
895,5,"Review","it's nice",2026-04-16,Android
896,5,"Review","Good working",2026-04-16,Android
897,5,"Review","my life depends on you groww.........all savings invested with you 💗❤️....",2026-04-16,Android
898,5,"Review","Good",2026-04-16,Android
899,5,"Review","good aap",2026-04-16,Android
900,5,"Review","mast apps",2026-04-16,Android
901,5,"Review","good",2026-04-16,Android
902,1,"Review","Warning: Think twice before using Groww for Active Trading! 🛑 ​​'Don't use Groww for active trading or options. It's okay for long-term investment or just monitoring stocks； but for execution； it is very unreliable. The app lags almost 100% of the time during live trades； and the data is often inaccurate. Using it for trading is a sure way to lose your money due to technical errors. Stay safe and choose a better platform for trading.'I have personally suffered a loss of over ₹10+ Lakhs..",2026-04-16,Android
903,5,"Review","user friendly",2026-04-16,Android
904,5,"Review","very good",2026-04-16,Android
905,5,"Review","groww app is good 💯 % crystal",2026-04-16,Android
906,5,"Review","good",2026-04-16,Android
907,5,"Review","Great platform for trading",2026-04-16,Android
908,5,"Review","ok",2026-04-16,Android
909,5,"Review","nice 👍 please additional daily Sip liquid fund",2026-04-16,Android
910,5,"Review","very good",2026-04-16,Android
911,5,"Review","this is the best app for trading",2026-04-16,Android
912,5,"Review","Very Well",2026-04-16,Android
913,5,"Review","excellent",2026-04-16,Android
914,5,"Review","good",2026-04-16,Android
915,5,"Review","excellent",2026-04-16,Android
916,1,"Review","bought a few funds than kyc goes nill? not letting me buy sip",2026-04-16,Android
917,3,"Review","nice",2026-04-16,Android
918,5,"Review","very well maintained software performance and stability of money determination extremely happy me",2026-04-16,Android
919,5,"Review","very good achcha h",2026-04-16,Android
920,5,"Review","easy to access.",2026-04-16,Android
921,5,"Review","Please add etf's tab in products and tools and tell me about two different market caps in stock like in screener market cap different in opening the stock from screener market cap why it is my sort and filter option work from last 2 days.",2026-04-16,Android
922,5,"Review","This is the worst service by grow. During trading time how can this happens. Grow doesn't open since a hour. Who will pay my loss?",2026-04-16,Android
923,5,"Review","good platform",2026-04-16,Android
924,5,"Review","best and good app",2026-04-16,Android
925,5,"Review","best",2026-04-16,Android
926,5,"Review","nice",2026-04-16,Android
927,5,"Review","good",2026-04-16,Android
928,5,"Review","good",2026-04-16,Android
929,5,"Review","Onboarding was fast and segment activation was quick. Would be nice to have an option to adjust the font type and size. Trades were executed quickly.",2026-04-16,Android
930,1,"Review","bad",2026-04-16,Android
931,5,"Review","super",2026-04-16,Android
932,5,"Review","this is a great app of investment 😄😄",2026-04-16,Android
933,5,"Review","very good",2026-04-16,Android
934,4,"Review","good 👍",2026-04-16,Android
935,5,"Review","superb",2026-04-16,Android
936,5,"Review","great n livable",2026-04-16,Android
937,5,"Review","very very nice",2026-04-16,Android
938,5,"Review","nice app",2026-04-16,Android
939,5,"Review","nice",2026-04-16,Android
940,5,"Review","very good app for trading",2026-04-16,Android
941,5,"Review","good ap",2026-04-16,Android
942,5,"Review","Great app",2026-04-16,Android
943,5,"Review","very good app",2026-04-16,Android
944,5,"Review","Nice",2026-04-16,Android
945,5,"Review","Grow is a very good company. Always cooperative. Giving prompt reply to everyone.",2026-04-16,Android
946,4,"Review","ok",2026-04-16,Android
947,5,"Review","good",2026-04-16,Android
948,5,"Review","good 😊",2026-04-16,Android
949,5,"Review","nice",2026-04-16,Android
950,5,"Review","👍",2026-04-16,Android
951,5,"Review","Good informations",2026-04-16,Android
952,4,"Review","charges is very high",2026-04-16,Android
953,5,"Review","ok",2026-04-16,Android
954,5,"Review","good",2026-04-16,Android
955,5,"Review","get started 😄",2026-04-16,Android
956,4,"Review","gud",2026-04-16,Android
957,5,"Review","excellent 👍",2026-04-16,Android
958,5,"Review","ecxellt",2026-04-16,Android
959,5,"Review","Good",2026-04-16,Android
960,5,"Review","best app",2026-04-16,Android
961,5,"Review","very good",2026-04-16,Android
962,5,"Review","very good",2026-04-16,Android
963,5,"Review","good",2026-04-16,Android
964,5,"Review","persent time is very good； but future diside hardworking",2026-04-16,Android
965,5,"Review","good app",2026-04-16,Android
966,5,"Review","all is well",2026-04-16,Android
967,5,"Review","good 💯",2026-04-16,Android
968,5,"Review","mind blowing app",2026-04-16,Android
969,5,"Review","bahut acha hai",2026-04-16,Android
970,5,"Review","the best platform Shere market",2026-04-16,Android
971,5,"Review","good",2026-04-16,Android
972,5,"Review","good app",2026-04-16,Android
973,5,"Review","Nice Platform for all investment",2026-04-16,Android
974,5,"Review","user friendly App",2026-04-16,Android
975,5,"Review","very easy to use. I am loving it. MF investment manages fluently",2026-04-16,Android
976,5,"Review","good experience and easily usefull",2026-04-16,Android
977,5,"Review","it's good for Intraday trending...",2026-04-16,Android
978,5,"Review","I was a beginner but groww helped me understand many things.",2026-04-16,Android
979,1,"Review","Best option for money saving.",2026-04-16,Android
980,5,"Review","good",2026-04-15,Android
981,5,"Review","very simple interface too good",2026-04-15,Android
982,5,"Review","love Groww.. with the help of groww i understand how the market works 00.0001%.. without it 0%...",2026-04-15,Android
983,5,"Review","have a nice 👍",2026-04-15,Android
984,5,"Review","good",2026-04-15,Android
985,5,"Review","👍🏻",2026-04-15,Android
986,1,"Review","😡😡is add se tak gya hu me",2026-04-15,Android
987,1,"Review","Using it for just a day & I realised it as Third class discount broker services!! Very poor! A lot of hidden charges while Equity Buy & sell that do not show during transactions but later deducted. Around ₹20 DP charges + Brokerage extra while Selling (While Zerodha only charges fixed ₹15.34 DP charges； no other charges). You can't withdraw funds after selling. You've to wait a day to withdraw funds (while Zerodha； instant credit after sell & instant withdrawal)",2026-04-15,Android
988,5,"Review","very nice apps 👌",2026-04-15,Android
989,4,"Review","'नमस्ते Groww टीम； मैं आपकी ऐप का नियमित यूजर हूँ। 'SIPs' सेक्शन में 'SIPs cancelled by you' की लिस्ट काफी लंबी हो गई है； जिसे मैन्युअली हटाने या डिलीट करने का कोई विकल्प नहीं है। इससे डैशबोर्ड काफी अव्यवस्थित (cluttered) दिखता है। कृपया भविष्य के अपडेट में इन रिकॉर्ड्स को 'Hide' या 'Delete' करने का विकल्प जोड़ें।'",2026-04-15,Android
990,5,"Review","Good",2026-04-15,Android
991,5,"Review","good app for beginners as well as for experienced traders.",2026-04-15,Android
992,2,"Review","good",2026-04-15,Android
993,5,"Review","good",2026-04-15,Android
994,5,"Review","nice",2026-04-15,Android
995,5,"Review","excellent 👌",2026-04-15,Android
996,5,"Review","Excellent.",2026-04-15,Android
997,4,"Review","Good service",2026-04-15,Android
998,5,"Review","very good app",2026-04-15,Android
999,5,"Review","Best app",2026-04-15,Android
1000,1,"Review","Worst trading app ever. Charges are more than the selling price.",2026-04-15,Android
1001,5,"Great","",2026-04-23,iOS
1002,5,"Fast n user friendly","",2026-04-23,iOS
1003,1,"The application is showing false chat","",2026-04-23,iOS
1004,3,"Silly mistakes in showing info","",2026-04-23,iOS
1005,5,"Very useful","",2026-04-23,iOS
1006,5,"Easy to use","",2026-04-23,iOS
1007,5,"Good","",2026-04-23,iOS
1008,5,"Fast and furious","",2026-04-23,iOS
1009,5,"Easy to use and responsive","",2026-04-23,iOS
1010,5,"Easy to use","",2026-04-23,iOS
1011,5,"Good","",2026-04-23,iOS
1012,5,"Good","",2026-04-23,iOS
1013,5,"Best. Using since 3 yr","",2026-04-23,iOS
1014,5,"Good","",2026-04-23,iOS
1015,5,"App rating & function","",2026-04-23,iOS
1016,5,"Great app","",2026-04-23,iOS
1017,4,"App review","",2026-04-23,iOS
1018,2,"I am using the Groww app for mutual fund investments； and overall experience is good； but ….","",2026-04-23,iOS
1019,5,"Good","",2026-04-23,iOS
1020,5,"About app","",2026-04-22,iOS
1021,5,"Best","",2026-04-22,iOS
1022,5,"Convenience","",2026-04-22,iOS
1023,5,"Great to great and  great to GROWW","",2026-04-22,iOS
1024,5,"Amazing","",2026-04-22,iOS
1025,5,"Awasome","",2026-04-22,iOS
1026,5,"Ease of access","",2026-04-22,iOS
1027,4,"New app design is not good","",2026-04-22,iOS
1028,5,"The Best Broker in India","",2026-04-22,iOS
1029,5,"User friendly","",2026-04-22,iOS
1030,5,"Fabulous platform for trading","",2026-04-22,iOS
1031,5,"Good aap for investing","",2026-04-22,iOS
1032,5,"Easy navigation； best UI","",2026-04-22,iOS
1033,5,"Many bhai","",2026-04-22,iOS
1034,5,"Awesome","",2026-04-22,iOS
1035,5,"Best in all time","",2026-04-22,iOS
1036,5,"the bestie","",2026-04-22,iOS
1037,5,"User friendly","",2026-04-22,iOS
1038,5,"good work","",2026-04-22,iOS
1039,5,"Good","",2026-04-22,iOS
1040,5,"Best App for Investment","",2026-04-22,iOS
1041,5,"Experience","",2026-04-22,iOS
1042,5,"Rating","",2026-04-22,iOS
1043,5,"Matual fund investment","",2026-04-22,iOS
1044,5,"Review","",2026-04-22,iOS
1045,4,"Great app for investments. Love the UI","",2026-04-22,iOS
1046,5,"Too good","",2026-04-22,iOS
1047,5,"Great App","",2026-04-22,iOS
1048,5,"Good app","",2026-04-22,iOS
1049,5,"Best app","",2026-04-22,iOS
1050,5,"One of the best app for investors","",2026-04-22,iOS
1051,5,"Interface","",2026-04-22,iOS
1052,5,"To grow","",2026-04-22,iOS
1053,5,"Nice","",2026-04-22,iOS
1054,5,"Good app for investment","",2026-04-22,iOS
1055,5,"Investor Paradise","",2026-04-22,iOS
1056,5,"Best application","",2026-04-22,iOS
1057,5,"Good","",2026-04-22,iOS
1058,5,"Purohit","",2026-04-22,iOS
1059,5,"Mr G R Sekhar Reddy","",2026-04-22,iOS
1060,5,"Good","",2026-04-22,iOS
1061,5,"Best interface but make it possible to add US stocks or ETF","",2026-04-21,iOS
1062,5,"nice","",2026-04-21,iOS
1063,5,"Good one","",2026-04-21,iOS
1064,5,"Good","",2026-04-21,iOS
1065,5,"Pramod","",2026-04-21,iOS
1066,5,"Great UI and Great Experience","",2026-04-21,iOS
1067,4,"All good.","",2026-04-21,iOS
1068,5,"Nice","",2026-04-21,iOS
1069,5,"Feature Rich App","",2026-04-21,iOS
1070,5,"good","",2026-04-21,iOS
1071,5,"Very good application","",2026-04-21,iOS
1072,4,"Grow up","",2026-04-21,iOS
1073,5,"It’s good","",2026-04-21,iOS
1074,5,"Good app","",2026-04-21,iOS
1075,5,"Good","",2026-04-21,iOS
1076,5,"Mr","",2026-04-21,iOS
1077,5,"Top notch","",2026-04-21,iOS
1078,1,"iPhone version don’t have portfolio creation option","",2026-04-21,iOS
1079,5,"Stock Management","",2026-04-21,iOS
1080,5,"Easy app.","",2026-04-21,iOS
1081,5,"Nice app","",2026-04-21,iOS
1082,5,"Awesome","",2026-04-21,iOS
1083,5,"Great app","",2026-04-21,iOS
1084,5,"Great app","",2026-04-21,iOS
1085,5,"Excellent apps","",2026-04-21,iOS
1086,5,"Great app","",2026-04-21,iOS
1087,5,"Review","",2026-04-21,iOS
1088,4,"Best UI","",2026-04-21,iOS
1089,5,"Financial grow","",2026-04-21,iOS
1090,5,"Nice tool","",2026-04-21,iOS
1091,5,"Excellent","",2026-04-21,iOS
1092,5,"Great but a request","",2026-04-21,iOS
1093,5,"Great app for trading","",2026-04-21,iOS
1094,5,"Excellent","",2026-04-21,iOS
1095,5,"SIMPLE SMART SUPERSTAR","",2026-04-21,iOS
1096,5,"Super","",2026-04-21,iOS
1097,1,"Not good","",2026-04-21,iOS
1098,5,"Veronica FIGER","",2026-04-21,iOS
1099,5,"Nice app","",2026-04-21,iOS
1100,5,"Alok Garg","",2026-04-21,iOS
1101,5,"Ddven","",2026-04-20,iOS
1102,5,"Quick nd easy to understand","",2026-04-20,iOS
1103,5,"Fully satisfied","",2026-04-20,iOS
1104,5,"Easy to use","",2026-04-20,iOS
1105,5,"Excellent","",2026-04-20,iOS
1106,5,"Best App for investing","",2026-04-20,iOS
1107,5,"User review","",2026-04-20,iOS
1108,5,"Girish Rane","",2026-04-20,iOS
1109,4,"Good app","",2026-04-20,iOS
1110,5,"Review","",2026-04-20,iOS
1111,5,"Nice","",2026-04-20,iOS
1112,5,"Invest","",2026-04-20,iOS
1113,5,"Very Good","",2026-04-20,iOS
1114,5,"Mandal","",2026-04-20,iOS
1115,5,"Good app for investment","",2026-04-20,iOS
1116,5,"Mr Negi","",2026-04-20,iOS
1117,5,"Good","",2026-04-20,iOS
1118,5,"Subbu","",2026-04-20,iOS
1119,5,"HNH","",2026-04-20,iOS
1120,5,"Simple but effective","",2026-04-20,iOS
1121,5,"Good","",2026-04-20,iOS
1122,5,"Nice👍","",2026-04-20,iOS
1123,5,"As a stoke power","",2026-04-20,iOS
1124,5,"Simple and easy","",2026-04-20,iOS
1125,5,"Super","",2026-04-20,iOS
1126,5,"Good","",2026-04-20,iOS
1127,5,"बेहतरीन अनुभव","",2026-04-20,iOS
1128,5,"Easy & convenient","",2026-04-20,iOS
1129,5,"Good","",2026-04-20,iOS
1130,5,"Nice","",2026-04-20,iOS
1131,5,"Grow app","",2026-04-20,iOS
1132,5,"Good","",2026-04-20,iOS
1133,5,"Excellent","",2026-04-20,iOS
1134,5,"Go to for trading","",2026-04-20,iOS
1135,5,"Rakesh","",2026-04-20,iOS
1136,5,"Easy","",2026-04-20,iOS
1137,5,"Review","",2026-04-20,iOS
1138,5,"Good investment app","",2026-04-20,iOS
1139,5,"Simple elegant ui for mutuals","",2026-04-20,iOS
1140,5,"Make it easy","",2026-04-20,iOS
1141,5,"My experience","",2026-04-20,iOS
1142,4,"Overall good","",2026-04-20,iOS
1143,5,"Very nice and easy to use","",2026-04-20,iOS
1144,5,"Excellent Financial Analysis","",2026-04-20,iOS
1145,5,"Easy and convenient app","",2026-04-20,iOS
1146,5,"The best app for indian share market","",2026-04-20,iOS
1147,5,"Amazing platform and user friendly","",2026-04-20,iOS
1148,5,"Service","",2026-04-20,iOS
1149,5,"Recommendable","",2026-04-20,iOS
1150,5,"High brokerage fee","",2026-04-20,iOS
1151,5,"Good","",2026-04-20,iOS
1152,5,"clean and simple","",2026-04-20,iOS
1153,5,"Best app for investment","",2026-04-19,iOS
1154,5,"Good","",2026-04-19,iOS
1155,5,"Good","",2026-04-19,iOS
1156,5,"Quality","",2026-04-19,iOS
1157,5,"Investment made easy","",2026-04-19,iOS
1158,5,"Best User comfort","",2026-04-19,iOS
1159,5,"Best application for investment","",2026-04-19,iOS
1160,5,"Good one","",2026-04-19,iOS
1161,5,"GROWW REVIEW","",2026-04-19,iOS
1162,5,"Good","",2026-04-19,iOS
1163,5,"thanks","",2026-04-19,iOS
1164,5,"Excellent app for trading","",2026-04-19,iOS
1165,5,"Honest review","",2026-04-19,iOS
1166,5,"Nice and friendly","",2026-04-19,iOS
1167,5,"Best","",2026-04-19,iOS
1168,5,"Best UI ever","",2026-04-19,iOS
1169,5,"Super","",2026-04-19,iOS
1170,5,"Best Broker","",2026-04-19,iOS
1171,4,"Mr Krishna","",2026-04-19,iOS
1172,5,"Good","",2026-04-19,iOS
1173,5,"Accurate and smooth","",2026-04-19,iOS
1174,5,"Investment","",2026-04-19,iOS
1175,5,"Clear and transparent","",2026-04-18,iOS
1176,5,"Good","",2026-04-18,iOS
1177,4,"Great App","",2026-04-18,iOS
1178,5,"Mutual Funds","",2026-04-18,iOS
1179,5,"Impressive","",2026-04-18,iOS
1180,5,"Dev","",2026-04-18,iOS
1181,5,"Chaitali","",2026-04-18,iOS
1182,5,"Good","",2026-04-18,iOS
1183,5,"Grow User Friendly","",2026-04-18,iOS
1184,5,"Sudhir Sharma","",2026-04-18,iOS
1185,1,"Worst app","",2026-04-18,iOS
1186,5,"Very good service and user Friendly","",2026-04-18,iOS
1187,5,"Growing with Groww","",2026-04-18,iOS
1188,5,"SIP","",2026-04-18,iOS
1189,5,"Hi","",2026-04-18,iOS
1190,4,"Good","",2026-04-18,iOS
1191,5,"Interface is good and easy to navigate","",2026-04-18,iOS
1192,5,"great exp","",2026-04-18,iOS
1193,3,"SWP Calculator","",2026-04-18,iOS
1194,5,"MF dashboard","",2026-04-18,iOS
1195,5,"Elegant； but Simple interface!","",2026-04-18,iOS
1196,5,"Everest","",2026-04-18,iOS
1197,5,"Awesome","",2026-04-18,iOS
1198,5,"Great app","",2026-04-17,iOS
1199,5,"Good","",2026-04-17,iOS
1200,4,"Good","",2026-04-17,iOS
1201,5,"Sumu","",2026-04-17,iOS
1202,5,"Easy to use","",2026-04-17,iOS
1203,5,"Nice","",2026-04-17,iOS
1204,5,"Great","",2026-04-17,iOS
1205,5,"Groww will always Groww","",2026-04-17,iOS
1206,5,"Review","",2026-04-17,iOS
1207,5,"Nice app","",2026-04-17,iOS
1208,5,"Great app","",2026-04-17,iOS
1209,5,"Very easy app","",2026-04-17,iOS
1210,5,"Feedback","",2026-04-17,iOS
1211,5,"User friendly interface","",2026-04-17,iOS
1212,5,"Good","",2026-04-17,iOS
1213,5,"Good","",2026-04-17,iOS
1214,5,"Best app for trading","",2026-04-17,iOS
1215,4,"Regarding cagr","",2026-04-17,iOS
1216,5,"Easy trading by Groww","",2026-04-17,iOS
1217,5,"Great app","",2026-04-17,iOS
1218,5,"Very easy investment","",2026-04-17,iOS
1219,5,"Fine app","",2026-04-17,iOS
1220,2,"Very bad","",2026-04-17,iOS
1221,5,"Best app for investing","",2026-04-17,iOS
1222,5,"Easy to use","",2026-04-17,iOS
1223,5,"Groww always grow me","",2026-04-17,iOS
1224,5,"Review","",2026-04-17,iOS
1225,5,"Good experience so far!","",2026-04-17,iOS
1226,5,"Stock update","",2026-04-17,iOS
1227,5,"Excellent for trading","",2026-04-17,iOS
1228,5,"Great app","",2026-04-17,iOS
1229,1,"Withdrawal","",2026-04-17,iOS
1230,5,"MindBogling","",2026-04-17,iOS
1231,5,"Excellent","",2026-04-17,iOS
1232,5,"Best app","",2026-04-17,iOS
1233,5,"Good","",2026-04-17,iOS
1234,5,"Maharaja","",2026-04-17,iOS
1235,5,"Easy to use App","",2026-04-16,iOS
1236,5,"User friendly and safe","",2026-04-16,iOS
1237,5,"All in one","",2026-04-16,iOS
1238,5,"Good","",2026-04-16,iOS
1239,5,"Nice","",2026-04-16,iOS
1240,5,"Very cool","",2026-04-16,iOS
1241,5,"Trading","",2026-04-16,iOS
1242,4,"Good App For Trading","",2026-04-16,iOS
1243,5,"My Opinion","",2026-04-16,iOS
1244,5,"Very cool","",2026-04-16,iOS
1245,5,"Grow your goal","",2026-04-16,iOS
1246,4,"Groww","",2026-04-16,iOS
1247,5,"User Friendly","",2026-04-16,iOS
1248,5,"Good","",2026-04-16,iOS
1249,5,"Excellent","",2026-04-16,iOS
1250,4,"Black Tiger 09","",2026-04-16,iOS
1251,5,"All the info at one place","",2026-04-16,iOS
1252,5,"Good","",2026-04-16,iOS
1253,5,"Amazing experience","",2026-04-16,iOS
1254,1,"Only groww funds","",2026-04-16,iOS
1255,5,"Simple and easy","",2026-04-16,iOS
1256,3,"Tax","",2026-04-16,iOS
1257,5,"Goo experience","",2026-04-16,iOS
1258,1,"iPad UI correction","",2026-04-16,iOS
1259,5,"Best trading app","",2026-04-16,iOS
1260,5,"Mr","",2026-04-16,iOS
1261,5,"Easy se bhi easy","",2026-04-16,iOS
1262,5,"Good","",2026-04-16,iOS
1263,5,"Easy to use","",2026-04-16,iOS
1264,5,"Best","",2026-04-16,iOS
1265,5,"The","",2026-04-16,iOS
1266,5,"best investment app","",2026-04-16,iOS
1267,5,"Rating","",2026-04-16,iOS
1268,5,"Great UI","",2026-04-16,iOS
1269,5,"Quick and presice","",2026-04-16,iOS
1270,5,"Great for instant updation","",2026-04-16,iOS
1271,5,"Excellent","",2026-04-16,iOS
1272,5,"Good","",2026-04-16,iOS
1273,5,"Nice","",2026-04-16,iOS
1274,5,"Excellent","",2026-04-16,iOS
1275,4,"Review","",2026-04-16,iOS
1276,5,"good","",2026-04-16,iOS
1277,5,"Wonderful","",2026-04-16,iOS
1278,5,"All","",2026-04-16,iOS
1279,5,"Features","",2026-04-16,iOS
1280,5,"Amit","",2026-04-16,iOS
1281,5,"Good app","",2026-04-16,iOS
1282,5,"Good","",2026-04-16,iOS
1283,5,"Grow worth Groww","",2026-04-16,iOS
1284,5,"User friendly interface and much easy to use as compare to other application","",2026-04-16,iOS
1285,5,"👌🏻👌🏻","",2026-04-16,iOS
1286,5,"Excellent","",2026-04-16,iOS
1287,5,"Groww","",2026-04-16,iOS
1288,5,"I love growwwwwwwwwwwwww","",2026-04-16,iOS
1289,3,"Watchlist are not saving in Alphabetical sorted order","",2026-04-16,iOS
1290,5,"Make our Indian individual wealthy through Groww","",2026-04-16,iOS
1291,5,"Great","",2026-04-16,iOS
1292,5,"Nice","",2026-04-16,iOS
1293,1,"Good app； but payment processing is world top slowest","",2026-04-16,iOS
1294,5,"Samarth","",2026-04-16,iOS
1295,5,"Option","",2026-04-16,iOS
1296,5,"Good","",2026-04-16,iOS
1297,5,"Good to use","",2026-04-16,iOS
1298,5,"Earn & Enjoy using this","",2026-04-16,iOS
1299,5,"One of the easiest stocks and MF app I have come across","",2026-04-16,iOS
1300,5,"Good app","",2026-04-16,iOS
1301,5,"Good for all.","",2026-04-16,iOS
1302,5,"Let’s grow","",2026-04-16,iOS
1303,5,"Best NRI INVESTMENT app","",2026-04-16,iOS
1304,5,"So helpful nice app","",2026-04-16,iOS
1305,5,"Excellent Plat  form","",2026-04-16,iOS
1306,1,"Fraud app","",2026-04-16,iOS
1307,5,"Excellent app","",2026-04-16,iOS
1308,5,"Great app","",2026-04-16,iOS
1309,5,"Growing","",2026-04-16,iOS
1310,4,"Flawless App","",2026-04-15,iOS
1311,5,"Great app for investing","",2026-04-15,iOS
1312,5,"Remove Loan segment","",2026-04-15,iOS
1313,5,"lol","",2026-04-15,iOS
1314,5,"Simple to invest","",2026-04-15,iOS
1315,5,"It is very trusted","",2026-04-15,iOS
1316,5,"Information","",2026-04-15,iOS
1317,5,"Excellent for Investements","",2026-04-15,iOS
1318,5,"Very helpful","",2026-04-15,iOS
1319,5,"Nice","",2026-04-15,iOS
1320,5,"Rishi","",2026-04-15,iOS
1321,5,"Satisfied","",2026-04-15,iOS
1322,5,"Best","",2026-04-15,iOS
1323,5,"Best app for stocks & MF","",2026-04-15,iOS
1324,5,"Signing in","",2026-04-15,iOS
1325,5,"Fantastic App","",2026-04-15,iOS
1326,5,"Very good","",2026-04-15,iOS
1327,5,"Best for investing","",2026-04-15,iOS
1328,5,"Konduru Srinivasulu","",2026-04-15,iOS
1329,5,"Easy to use","",2026-04-15,iOS
1330,4,"User friendly","",2026-04-15,iOS
1331,5,"Smooth","",2026-04-15,iOS
1332,5,"Nice & easy","",2026-04-15,iOS
1333,4,"Ui","",2026-04-15,iOS
1334,5,"Bestest trading application.","",2026-04-15,iOS
1335,3,"App functionality","",2026-04-15,iOS
1336,5,"Good","",2026-04-15,iOS
1337,5,"All","",2026-04-15,iOS
1338,5,"Good platform","",2026-04-15,iOS
1339,5,"Make money with Groww","",2026-04-15,iOS
1340,5,"Easy to access","",2026-04-15,iOS
1341,5,"Everything is amazing","",2026-04-15,iOS
1342,5,"Geart UI for a trading app","",2026-04-15,iOS
1343,5,"Super","",2026-04-15,iOS
1344,5,"Excellent","",2026-04-15,iOS
1345,5,"Badiya aap hai","",2026-04-15,iOS
1346,5,"VINOD HALLAN","",2026-04-15,iOS
1347,5,"It’s clean","",2026-04-15,iOS
1348,5,"Great experience","",2026-04-15,iOS
1349,5,"Supereb app for treding","",2026-04-15,iOS
1350,5,"Stocks","",2026-04-15,iOS
1351,5,"Good","",2026-04-15,iOS
1352,5,"Market","",2026-04-15,iOS
1353,5,"Brilliant UI","",2026-04-15,iOS
1354,5,"The best app for investment","",2026-04-15,iOS
1355,5,"Go GROWW","",2026-04-15,iOS
1356,1,"Delay","",2026-04-15,iOS
1357,5,"Nice user friendly but charges are high","",2026-04-15,iOS
1358,5,"Appreciate","",2026-04-15,iOS
1359,5,"Amazing","",2026-04-15,iOS
1360,5,"Good experience","",2026-04-15,iOS
1361,5,"Good","",2026-04-15,iOS
1362,5,"Easiest UI trading app","",2026-04-15,iOS
1363,5,"Super","",2026-04-15,iOS
1364,5,"Superb Trading Application","",2026-04-15,iOS
1365,5,"Very issue to use","",2026-04-15,iOS
1366,5,"Best app","",2026-04-15,iOS
1367,5,"Super","",2026-04-15,iOS
1368,3,"User friendly","",2026-04-15,iOS
1369,5,"Grow supereb","",2026-04-15,iOS
1370,5,"Groww App","",2026-04-15,iOS
1371,5,"All in one","",2026-04-15,iOS
1372,5,"Easy and Convenient","",2026-04-15,iOS
1373,5,"👍👍👍👍","",2026-04-15,iOS
1374,5,"Good aap","",2026-04-15,iOS
1375,5,"Better than rest","",2026-04-15,iOS
1376,5,"Very useful app","",2026-04-15,iOS
1377,5,"Better","",2026-04-15,iOS
1378,5,"Good","",2026-04-15,iOS
1379,5,"Good","",2026-04-14,iOS
1380,4,"No Widgets","",2026-04-14,iOS
1381,5,"Keep growing","",2026-04-14,iOS
1382,5,"Easy to use","",2026-04-14,iOS
1383,5,"Great app","",2026-04-14,iOS
1384,5,"Nice","",2026-04-14,iOS
1385,5,"Excellent","",2026-04-14,iOS
1386,5,"Grow","",2026-04-14,iOS
1387,5,"Good","",2026-04-14,iOS
1388,4,"Ease of operating","",2026-04-14,iOS
1389,5,"Nice","",2026-04-14,iOS
1390,5,"Groww AppFont Size","",2026-04-14,iOS
1391,5,"User friendly","",2026-04-14,iOS
1392,5,"For a cause","",2026-04-14,iOS
1393,5,"NIC","",2026-04-14,iOS
1394,5,"Very good app","",2026-04-14,iOS
1395,4,"Great app","",2026-04-14,iOS
1396,5,"Sportan","",2026-04-14,iOS
1397,5,"Great app","",2026-04-14,iOS
1398,5,"Groww","",2026-04-14,iOS
1399,5,"User Friendly App","",2026-04-14,iOS
1400,5,"Review","",2026-04-14,iOS
1401,5,"Good App","",2026-04-14,iOS
1402,5,"Review","",2026-04-14,iOS
1403,5,"MF PREVIOUS IS BETTER THAN NOW","",2026-04-14,iOS
1404,5,"Goood and good and great","",2026-04-14,iOS
1405,3,"Okay","",2026-04-14,iOS
1406,5,"One of the best app for trading","",2026-04-14,iOS
1407,5,"Fast","",2026-04-14,iOS
1408,5,"Very good","",2026-04-14,iOS
1409,5,"Excellent performance","",2026-04-14,iOS
1410,5,"Specially thanks for the mutual fund","",2026-04-14,iOS
1411,5,"Best","",2026-04-14,iOS
1412,5,"For ios","",2026-04-14,iOS
1413,5,"Digital Money Plant","",2026-04-14,iOS
1414,5,"Investment","",2026-04-14,iOS
1415,5,"Review","",2026-04-13,iOS
1416,5,"Great app","",2026-04-13,iOS
1417,4,"Good","",2026-04-13,iOS
1418,5,"Amazing app","",2026-04-13,iOS
1419,5,"Ravi","",2026-04-13,iOS
1420,5,"Best for investment","",2026-04-13,iOS
1421,5,"Superb","",2026-04-13,iOS
1422,5,"Great app","",2026-04-13,iOS
1423,5,"Superb app","",2026-04-13,iOS
1424,5,"Excellent app .. for life grow","",2026-04-13,iOS
1425,5,"Excellent…!","",2026-04-13,iOS
1426,5,"Good experience","",2026-04-13,iOS
1427,4,"Really great app for investment","",2026-04-13,iOS
1428,5,"Good","",2026-04-13,iOS
1429,5,"Good","",2026-04-13,iOS
1430,1,"Reduce Brokerage Charges","",2026-04-13,iOS
1431,5,"Lagging issues","",2026-04-13,iOS
1432,5,"Good","",2026-04-13,iOS
1433,1,"Worst app","",2026-04-13,iOS
1434,5,"Superb","",2026-04-13,iOS
1435,5,"Great experience & helpful","",2026-04-13,iOS
1436,5,"Great interface","",2026-04-13,iOS
1437,5,"Groww","",2026-04-13,iOS
1438,5,"Simple and great experience","",2026-04-13,iOS
1439,5,"Good and simple user interface","",2026-04-13,iOS
1440,5,"Happy Investor","",2026-04-13,iOS
1441,5,"Great UI","",2026-04-13,iOS
1442,5,"Compatible & fast !","",2026-04-13,iOS
1443,5,"Good","",2026-04-13,iOS
1444,5,"Ajm","",2026-04-13,iOS
1445,5,"User friendly","",2026-04-13,iOS
1446,5,"Great App","",2026-04-13,iOS
1447,4,"Good","",2026-04-13,iOS
1448,5,"Great","",2026-04-13,iOS
1449,5,"Nice app","",2026-04-13,iOS
1450,1,"Worst app","",2026-04-13,iOS
1451,5,"Good app","",2026-04-13,iOS
1452,5,"Amazing..","",2026-04-13,iOS
1453,1,"Interface for ipads","",2026-04-13,iOS
1454,5,"Growing with Groww","",2026-04-13,iOS
1455,5,"Kishor","",2026-04-13,iOS
1456,5,"Nice","",2026-04-13,iOS
1457,5,"Good","",2026-04-13,iOS
1458,5,"Good performance","",2026-04-13,iOS
1459,5,"Simple； Smart & Actually Helpful for Beginners","",2026-04-13,iOS
1460,5,"Moni- Hardi","",2026-04-13,iOS
1461,5,"Advice","",2026-04-13,iOS
1462,5,"Platform thats so easy to use","",2026-04-13,iOS
1463,5,"Easy","",2026-04-13,iOS
1464,5,"Supar app","",2026-04-13,iOS
1465,4,"Good","",2026-04-13,iOS
1466,5,"Incredible App !!","",2026-04-13,iOS
1467,5,"Good","",2026-04-13,iOS
1468,5,"Always Grow","",2026-04-13,iOS
1469,5,"great app","",2026-04-13,iOS
1470,5,"A","",2026-04-13,iOS
1471,5,"Groww","",2026-04-12,iOS
1472,5,"GREAT EXPERIENCE AND SMOOTH APP","",2026-04-12,iOS
1473,5,"Groww","",2026-04-12,iOS
1474,5,"Good","",2026-04-12,iOS
1475,5,"Very good app","",2026-04-12,iOS
1476,5,"Good","",2026-04-12,iOS
1477,5,"good servises","",2026-04-12,iOS
1478,1,"Transaction Marked Successful but Funds Not Credited – Poor Communication and Support","",2026-04-12,iOS
1479,5,"Nice","",2026-04-12,iOS
1480,5,"Super easy","",2026-04-12,iOS
1481,5,"Awesome","",2026-04-12,iOS
1482,1,"Very bad service","",2026-04-12,iOS
1483,5,"Great","",2026-04-12,iOS
1484,5,"Groww is best","",2026-04-12,iOS
1485,5,"Best","",2026-04-12,iOS
1486,5,"Great driving interface for my portfolio","",2026-04-12,iOS
1487,5,"Janak khambhati","",2026-04-12,iOS
1488,5,"All is Good","",2026-04-12,iOS
1489,5,"Commendable","",2026-04-12,iOS
1490,5,"Good","",2026-04-12,iOS
1491,5,"Gud","",2026-04-11,iOS
1492,5,"Best","",2026-04-11,iOS
1493,5,"Good application","",2026-04-11,iOS
1494,5,"Shravan","",2026-04-11,iOS
1495,5,"Very nice","",2026-04-11,iOS
1496,5,"Good","",2026-04-11,iOS
1497,5,"Best trading application","",2026-04-11,iOS
1498,5,"Best app for everyone","",2026-04-11,iOS
1499,5,"Good","",2026-04-11,iOS
1500,5,"Good app","",2026-04-11,iOS